username,password,first_name,last_name,age,gender,company_name,address,city,state,post,phone1,phone2,email,web
user1,pw1,Rebbecca,Didio,20,female,"Brandt, Jonathan F Esq",171 E 24th St,Leith,TA,7315,03-8174-9123,0458-665-290,rebbecca.didio@didio.com.au,http://www.brandtjonathanfesq.com.au
user2,pw2,Stevie,Hallo,21,male,Landrum Temporary Services,22222 Acoma St,Proston,QL,4613,07-9997-3366,0497-622-620,stevie.hallo@hotmail.com,http://www.landrumtemporaryservices.com.au
user3,pw3,Mariko,Stayer,22,female,"Inabinet, Macre Esq",534 Schoenborn St #51,Hamel,WA,6215,08-5558-9019,0427-885-282,mariko_stayer@hotmail.com,http://www.inabinetmacreesq.com.au
user4,pw4,Gerardo,Woodka,23,male,Morris Downing & Sherred,69206 Jackson Ave,Talmalmo,NS,2640,02-6044-4682,0443-795-912,gerardo_woodka@hotmail.com,http://www.morrisdowningsherred.com.au
user5,pw5,Mayra,Bena,24,female,"Buelt, David L Esq",808 Glen Cove Ave,Lane Cove,NS,1595,02-1455-6085,0453-666-885,mayra.bena@gmail.com,http://www.bueltdavidlesq.com.au
user6,pw6,Idella,Scotland,25,male,Artesian Ice & Cold Storage Co,373 Lafayette St,Cartmeticup,WA,6316,08-7868-1355,0451-966-921,idella@hotmail.com,http://www.artesianicecoldstorageco.com.au
user7,pw7,Sherill,Klar,26,female,Midway Hotel,87 Sylvan Ave,Nyamup,WA,6258,08-6522-8931,0427-991-688,sklar@hotmail.com,http://www.midwayhotel.com.au
user8,pw8,Ena,Desjardiws,27,male,"Selsor, Robert J Esq",60562 Ky Rt 321,Bendick Murrell,NS,2803,02-5226-9402,0415-961-606,ena_desjardiws@desjardiws.com.au,http://www.selsorrobertjesq.com.au
user9,pw9,Vince,Siena,28,female,Vincent J Petti & Co,70 S 18th Pl,Purrawunda,QL,4356,07-3184-9989,0411-732-965,vince_siena@yahoo.com,http://www.vincentjpettico.com.au
user10,pw10,Theron,Jarding,29,male,"Prentiss, Paul F Esq",8839 Ventura Blvd,Blanchetown,SA,5357,08-6890-4661,0461-862-457,tjarding@hotmail.com,http://www.prentisspaulfesq.com.au
user11,pw11,Amira,Chudej,30,female,Public Works Department,3684 N Wacker Dr,Rockside,QL,4343,07-8135-3271,0478-867-289,amira.chudej@chudej.net.au,http://www.publicworksdepartment.com.au
user12,pw12,Marica,Tarbor,31,male,Prudential Lighting Corp,68828 S 32nd St #6,Rosegarland,TA,7140,03-1174-6817,0494-982-617,marica.tarbor@hotmail.com,http://www.prudentiallightingcorp.com.au
user13,pw13,Shawna,Albrough,32,female,"Wood, J Scott Esq",43157 Cypress St,Ringwood,QL,4343,07-7977-6039,0441-255-802,shawna.albrough@albrough.com.au,http://www.woodjscottesq.com.au
user14,pw14,Paulina,Maker,33,male,Swanson Peterson Fnrl Home Inc,6 S Hanover Ave,Maylands,WA,6931,08-8344-8929,0420-123-282,paulina_maker@maker.net.au,http://www.swansonpetersonfnrlhomeinc.com.au
user15,pw15,Rose,Jebb,34,female,Old Cider Mill Grove,27916 Tarrytown Rd,Wooloowin,QL,4030,07-4941-9471,0496-441-929,rose@jebb.net.au,http://www.oldcidermillgrove.com.au
user16,pw16,Reita,Tabar,35,male,Cooper Myers Y Co,79620 Timber Dr,Arthurville,NS,2820,02-3518-7078,0431-669-863,rtabar@hotmail.com,http://www.coopermyersyco.com.au
user17,pw17,Maybelle,Bewley,20,female,Angelo International,387 Airway Cir #62,Mapleton,QL,4560,07-9387-7293,0448-221-640,mbewley@yahoo.com,http://www.angelointernational.com.au
user18,pw18,Camellia,Pylant,21,male,"Blackley, William J Pa",570 W Pine St,Tuggerawong,NS,2259,02-5171-4345,0423-446-913,camellia_pylant@gmail.com,http://www.blackleywilliamjpa.com.au
user19,pw19,Roy,Nybo,22,female,Phoenix Phototype,823 Fishers Ln,Red Hill,AC,2603,02-5311-7778,0416-394-795,rnybo@nybo.net.au,http://www.phoenixphototype.com.au
user20,pw20,Albert,Sonier,23,male,Quartzite Processing Inc,4 Brookcrest Dr #7786,Inverlaw,QL,4610,07-9354-2612,0420-575-355,albert.sonier@gmail.com,http://www.quartziteprocessinginc.com.au
user21,pw21,Hayley,Taghon,24,female,Biltmore Textile Co Inc,72 Wyoming Ave,Eugowra,NS,2806,02-1638-4380,0491-976-291,htaghon@taghon.net.au,http://www.biltmoretextilecoinc.com.au
user22,pw22,Norah,Daleo,25,male,Gateway Refrigeration,754 Sammis Ave,Kotara Fair,NS,2289,02-5322-6127,0462-327-613,ndaleo@daleo.net.au,http://www.gatewayrefrigeration.com.au
user23,pw23,Rosina,Sidhu,26,female,Anchorage Yamaha,660 N Green St,Burpengary,QL,4505,07-6460-4488,0458-753-924,rosina_sidhu@gmail.com,http://www.anchorageyamaha.com.au
user24,pw24,Royal,Costeira,27,male,Wynns Precision Inc Az Div,970 Waterloo Rd,Ellis Beach,QL,4879,07-5338-6357,0480-443-612,royal_costeira@costeira.com.au,http://www.wynnsprecisionincazdiv.com.au
user25,pw25,Barrie,Nicley,28,female,Paragon Cable Tv,4129 Abbott Dr,Fish Creek,VI,3959,03-6443-2786,0455-270-505,bnicley@nicley.com.au,http://www.paragoncabletv.com.au
user26,pw26,Linsey,Gedman,29,male,Eagle Computer Services Inc,1529 Prince Rodgers Ave,Kennedy,QL,4816,07-4785-3781,0433-965-131,lgedman@gedman.net.au,http://www.eaglecomputerservicesinc.com.au
user27,pw27,Laura,Bourbonnais,30,female,Kansas Association Ins Agtts,2 N Valley Mills Dr,Cape Portland,TA,7264,03-6543-6688,0491-455-112,laura.bourbonnais@yahoo.com,http://www.kansasassociationinsagtts.com.au
user28,pw28,Fanny,Stoneking,31,male,"Di Giacomo, Richard F Esq",50968 Kurtz St #45,Warra,QL,4411,07-3721-9123,0465-778-983,fstoneking@hotmail.com,http://www.digiacomorichardfesq.com.au
user29,pw29,Kristian,Ellerbusch,32,female,"Butler, Frank B Esq",71585 S Ayon Ave #9,Wanguri,NT,810,08-2748-1250,0442-982-316,kristian@yahoo.com,http://www.butlerfrankbesq.com.au
user30,pw30,Gwen,Julye,33,male,Alphagraphics Printshops,8 Old County Rd #3,Alvie,VI,3249,03-7063-6734,0465-547-766,gjulye@hotmail.com,http://www.alphagraphicsprintshops.com.au
user31,pw31,Ben,Majorga,34,female,Voyager Travel Service,13904 S 35th St,Wherrol Flat,NS,2429,02-8171-9051,0462-648-621,ben.majorga@hotmail.com,http://www.voyagertravelservice.com.au
user32,pw32,Trina,Oto,35,male,N Amer Plast & Chemls Co Inc,6149 Kapiolani Blvd #6,Placid Hills,QL,4343,07-1153-8567,0460-377-727,trina@oto.com.au,http://www.namerplastchemlscoinc.com.au
user33,pw33,Emelda,Geffers,36,female,D L Downing General Contr Inc,95431 34th Ave #62,Nedlands,WA,6909,08-7097-3947,0454-643-433,emelda.geffers@gmail.com,http://www.dldowninggeneralcontrinc.com.au
user34,pw34,Zana,Ploszaj,37,male,Community Insurance Agy Inc,25 Swift Ave,Auchenflower,QL,4066,07-7991-8880,0430-656-502,zana_ploszaj@ploszaj.net.au,http://www.communityinsuranceagyinc.com.au
user35,pw35,Shaun,Rael,38,female,House Of Ing,14304 Old Alexandria Ferry Rd,Buninyong,VI,3357,03-8998-5485,0498-627-281,shaun.rael@rael.com.au,http://www.houseofing.com.au
user36,pw36,Oren,Lobosco,39,male,Vei Inc,1585 Salem Church Rd #59,Dangar Island,NS,2083,02-5046-1307,0495-838-492,olobosco@hotmail.com,http://www.veiinc.com.au
user37,pw37,Catherin,Aguele,40,female,"Hanna, Robert J Esq",75962 E Drinker St,Sunny Nook,QL,4605,07-6476-1399,0444-150-950,caguele@gmail.com,http://www.hannarobertjesq.com.au
user38,pw38,Pearlene,Boudrie,41,male,Design Rite Homes Inc,8978 W Henrietta Rd,Minden,QL,4311,07-4463-7223,0462-627-260,pboudrie@boudrie.net.au,http://www.designritehomesinc.com.au
user39,pw39,Kathryn,Bonalumi,42,female,State Library,86 Worth St #272,Tibradden,WA,6532,08-3071-2258,0455-699-311,kathryn.bonalumi@yahoo.com,http://www.statelibrary.com.au
user40,pw40,Suzan,Landa,23,male,Vista Grande Baptist Church,15 Campville Rd #191,Clermont,QL,4721,07-1576-1412,0471-251-939,suzan.landa@gmail.com,http://www.vistagrandebaptistchurch.com.au
user41,pw41,Sommer,Agar,24,female,Poole Publications Inc,3 N Ridge Ave,Kadina,SA,5554,08-9130-3372,0486-599-199,sagar@agar.net.au,http://www.poolepublicationsinc.com.au
user42,pw42,Keena,Rebich,25,male,Affilated Consulting Group Inc,3713 Poway Rd,Sawtell,NS,2452,02-4972-3570,0468-708-802,krebich@rebich.net.au,http://www.affilatedconsultinggroupinc.com.au
user43,pw43,Rupert,Hinkson,26,female,Northwestern Mutual Life Ins,1 E 17th St,East Gosford,NS,2250,02-7160-2066,0489-430-358,rupert_hinkson@hinkson.net.au,http://www.northwesternmutuallifeins.com.au
user44,pw44,Aleta,Poarch,27,male,Barrett Burke Wilson Castl,5 Liberty Ave,Fosterville,VI,3557,03-2691-1298,0419-138-629,apoarch@gmail.com,http://www.barrettburkewilsoncastl.com.au
user45,pw45,Jamal,Korczynski,28,female,Helricks Inc,404 Broxton Ave,Bateau Bay,NS,2261,02-3877-9654,0427-970-674,jamal_korczynski@gmail.com,http://www.helricksinc.com.au
user46,pw46,Luz,Broccoli,29,male,"Wynn, Mary Ellen Esq",4 S Main St #285,Glenmoral,QL,4719,07-2679-1774,0416-525-908,luz_broccoli@hotmail.com,http://www.wynnmaryellenesq.com.au
user47,pw47,Janessa,Ruthers,30,female,Mackraft Signs,1255 W Passaic St #1553,Bolivia,NS,2372,02-2367-6845,0410-358-989,janessa@yahoo.com,http://www.mackraftsigns.com.au
user48,pw48,Lavonne,Esco,31,male,Ansaring Answering Service,377 Excalibur Dr,East Melbourne,VI,3002,03-3474-2120,0444-359-546,lavonne.esco@yahoo.com,http://www.ansaringansweringservice.com.au
user49,pw49,Honey,Lymaster,32,female,Joiner & Goudeau Law Offices,7 Wilshire Blvd,Taringa,QL,4068,07-8087-2603,0411-717-109,honey_lymaster@lymaster.net.au,http://www.joinergoudeaulawoffices.com.au
user50,pw50,Jean,Cecchinato,33,male,"Cox, J Thomas Jr",7 Hugh Wallis Rd,Koolan Island,WA,6733,08-5263-2786,0448-530-536,jean.cecchinato@gmail.com,http://www.coxjthomasjr.com.au
user51,pw51,Katlyn,Flitcroft,34,female,"Bill, Michael M",7177 E 14th St,Maleny,QL,4552,07-1778-9968,0465-519-356,kflitcroft@hotmail.com,http://www.billmichaelm.com.au
user52,pw52,Cassie,Soros,35,male,A B C Tank Co,67765 W 11th St,Yelverton,WA,6280,08-2666-6390,0423-281-356,csoros@gmail.com,http://www.abctankco.com.au
user53,pw53,Rolf,Gene,36,female,"Jolley, Mark A Cpa",99968 Merced St #79,Flinders,NS,2529,02-4458-2810,0482-882-653,rolf_gene@gene.com.au,http://www.jolleymarkacpa.com.au
user54,pw54,Darnell,Moothart,37,male,Melco Embroidery Systems,40 E 19th Ave,Empire Bay,NS,2257,02-3996-9188,0419-656-117,darnell_moothart@yahoo.com,http://www.melcoembroiderysystems.com.au
user55,pw55,Cherilyn,Fraize,38,female,Witchs Brew,84826 Plaza Dr,Rose Bay North,NS,2030,02-4873-1914,0468-743-337,cherilyn_fraize@fraize.net.au,http://www.witchsbrew.com.au
user56,pw56,Lynda,Lazzaro,39,male,Funding Equity Corp,20214 W Main St,Macks Creek,VI,3971,03-4933-4205,0472-315-303,lynda.lazzaro@gmail.com,http://www.fundingequitycorp.com.au
user57,pw57,Leigha,Capelli,40,female,Saturn Of Delray,8039 Howard Ave,East Toowoomba,QL,4350,07-4823-9785,0432-580-634,leigha.capelli@capelli.com.au,http://www.saturnofdelray.com.au
user58,pw58,Delfina,Binnie,41,male,Motel 6,8 Austin Bluffs Pky,Bimbijy,WA,6472,08-3692-5784,0460-951-322,delfina_binnie@binnie.net.au,http://www.motel.com.au
user59,pw59,Carlota,Gephardt,42,female,Ultimate In Womens Apparel The,96605 Pioneer Rd,Kundabung,NS,2441,02-5078-4389,0415-230-654,carlota.gephardt@gephardt.com.au,http://www.ultimateinwomensapparelthe.com.au
user60,pw60,Alida,Helger,43,male,"Ballinger, Maria Chan Esq",6 Hope Rd #10,Pinnacle,QL,4741,07-1642-3251,0412-699-567,alida@helger.com.au,http://www.ballingermariachanesq.com.au
user61,pw61,Donte,Resureccion,16,female,N E Industrial Distr Inc,65898 E St Nw,Watsonville,QL,4887,07-2373-6048,0478-459-448,donte.resureccion@yahoo.com,http://www.neindustrialdistrinc.com.au
user62,pw62,Lou,Kriner,17,male,"Joondeph, Jerome J Esq",39 Broad St,Seaforth,NS,2092,02-7328-3350,0496-387-592,lou.kriner@hotmail.com,http://www.joondephjeromejesq.com.au
user63,pw63,Dortha,Vrieze,18,female,Art In Forms,654 Seguine Ave,White Hills,TA,7258,03-1981-6209,0430-222-319,dortha@vrieze.net.au,http://www.artinforms.com.au
user64,pw64,Genevive,Sanborn,19,male,Central Hudson Ent Corp,78 31st St,Bellangry,NS,2446,02-6246-5711,0431-413-930,genevive@hotmail.com,http://www.centralhudsonentcorp.com.au
user65,pw65,Alease,Strawbridge,20,female,"Marscher, William F Iii",35673 Annapolis Rd #190,Ascot,QL,4359,07-3760-1546,0497-868-525,alease_strawbridge@strawbridge.com.au,http://www.marscherwilliamfiii.com.au
user66,pw66,Veda,Mishkin,21,male,"Smith, Sean O Esq",98247 Russell Blvd,Stafford Heights,QL,4053,07-6034-2422,0474-823-917,veda.mishkin@mishkin.com.au,http://www.smithseanoesq.com.au
user67,pw67,Craig,Vandersloot,22,female,Maverik Country Stores Inc,3 S Willow St #82,Bygalorie,NS,2669,02-5487-7528,0492-408-109,craig_vandersloot@yahoo.com,http://www.maverikcountrystoresinc.com.au
user68,pw68,Lauran,Tovmasyan,23,male,United Christian Cmnty Crdt Un,199 Maple Ave,Boolaroo,NS,2284,02-2546-5344,0459-680-488,ltovmasyan@tovmasyan.net.au,http://www.unitedchristiancmntycrdtun.com.au
user69,pw69,Aaron,Kloska,24,female,"Radecker, H Philip Jr",423 S Navajo St #56,Brookhill,QL,4816,07-9896-4827,0473-600-733,aaron_kloska@kloska.net.au,http://www.radeckerhphilipjr.com.au
user70,pw70,Francene,Skursky,25,male,"Cullen, Jack J Esq",5 30w W #3083,Hillston,NS,2675,02-5941-3178,0485-944-417,francene.skursky@skursky.net.au,http://www.cullenjackjesq.com.au
user71,pw71,Zena,Daria,26,female,Kszl Am Radio,57245 W Union Blvd #25,Ivanhoe East,VI,3079,03-2822-8156,0466-820-981,zdaria@gmail.com,http://www.kszlamradio.com.au
user72,pw72,Brigette,Breckenstein,27,male,"Blewett, Yvonne S",971 Northwest Blvd,Caniambo,VI,3630,03-5722-3451,0462-308-800,brigette@breckenstein.com.au,http://www.blewettyvonnes.com.au
user73,pw73,Jeniffer,Jezek,28,female,Sheraton Inn Atlanta Northwest,1089 Pacific Coast Hwy,Myrniong,VI,3341,03-3268-5102,0493-644-827,jeniffer@gmail.com,http://www.sheratoninnatlantanorthwest.com.au
user74,pw74,Selma,Elm,29,male,"Preston, Anne M Esq",6787 Emerson St,Woolamai,VI,3995,03-9183-9493,0418-581-770,selm@elm.net.au,http://www.prestonannemesq.com.au
user75,pw75,Elenora,Handler,30,female,A & A Custom Rubber Stamps,8 Middletown Blvd #708,Wardering,WA,6311,08-5671-3318,0481-367-908,ehandler@yahoo.com,http://www.aacustomrubberstamps.com.au
user76,pw76,Nadine,Okojie,31,male,"Hirsch, Walter W Esq",56 Tank Farm Rd,Kukerin,WA,6352,08-9746-2341,0424-801-736,nadine.okojie@okojie.com.au,http://www.hirschwalterwesq.com.au
user77,pw77,Kristin,Shiflet,32,female,"Jones, Peter B Esq",503 Fulford Ave,Somers,VI,3927,03-4529-7210,0488-223-788,kristin@hotmail.com,http://www.jonespeterbesq.com.au
user78,pw78,Melinda,Fellhauer,33,male,Sterling Institute,8275 Calle De Industrias,Wayatinah,TA,7140,03-4387-3800,0493-258-647,melinda_fellhauer@fellhauer.com.au,http://www.sterlinginstitute.com.au
user79,pw79,Kirby,Litherland,34,female,Cross Western Store,92 South St,Alligator Creek,QL,4740,07-5284-3845,0480-676-186,kirby.litherland@hotmail.com,http://www.crosswesternstore.com.au
user80,pw80,Kent,Ivans,35,male,Demer Normann Smith Ltd,56710 Euclid Ave,Camp Mountain,QL,4520,07-8661-4016,0429-746-524,kent_ivans@yahoo.com,http://www.demernormannsmithltd.com.au
user81,pw81,Dan,Platz,36,female,Ny Stat Trial Lawyers Assn,5210 E Airy St #2,Brandy Creek,QL,4800,07-4306-1623,0441-978-907,dan_platz@hotmail.com,http://www.nystattriallawyersassn.com.au
user82,pw82,Millie,Pirkl,37,male,"Mann, Charles E Esq",31 Schuyler Ave,Sovereign Hill,VI,3350,03-6023-2680,0410-688-713,millie_pirkl@gmail.com,http://www.manncharleseesq.com.au
user83,pw83,Moira,Qadir,38,female,Airnetics Engineering Co,661 Plummer St #963,Arno Bay,SA,5603,08-7687-4883,0471-106-909,moira.qadir@gmail.com,http://www.airneticsengineeringco.com.au
user84,pw84,Reta,Qazi,39,male,American Pie Co Inc,1351 Simpson St,Maffra,VI,3860,03-1974-9948,0446-105-779,reta.qazi@yahoo.com,http://www.americanpiecoinc.com.au
user85,pw85,Brittney,Lolley,40,female,Brown Chiropractic,2391 Pacific Blvd,Ulverstone,TA,7315,03-4072-7094,0451-120-660,brittney@lolley.net.au,http://www.brownchiropractic.com.au
user86,pw86,Leandro,Bolka,41,male,Classic Video Duplication Inc,1886 2nd Ave,Wattle Hill,TA,7172,03-8157-4609,0413-530-467,leandro_bolka@hotmail.com,http://www.classicvideoduplicationinc.com.au
user87,pw87,Edison,Sumera,42,female,Mcclier Corp,52404 S Clinton Ave,Bower,SA,5374,08-9114-1763,0463-377-181,edison.sumera@sumera.net.au,http://www.mccliercorp.com.au
user88,pw88,Breana,Cassi,43,male,Gormley Lore Murphy,405 W Lee St,Stonehaven,VI,3221,03-2305-8627,0495-644-883,breana@yahoo.com,http://www.gormleyloremurphy.com.au
user89,pw89,Jarvis,Nicols,44,female,Thudium Mail Advg Company,5656 N Fiesta Blvd,East Newdegate,WA,6355,08-2117-5217,0436-246-951,jarvis@gmail.com,http://www.thudiummailadvgcompany.com.au
user90,pw90,Felicitas,Orlinski,45,male,Jen E Distributing Co,9 Beverly Rd #5,Emerald,VI,3782,03-2451-1896,0444-326-506,felicitas_orlinski@orlinski.com.au,http://www.jenedistributingco.com.au
user91,pw91,Geraldine,Neisius,46,female,Re/max Realty Services,96 Armitage Ave,Katunga,VI,3640,03-8243-2999,0440-707-817,geraldine@gmail.com,http://www.remaxrealtyservices.com.au
user92,pw92,Alfred,Pacleb,47,male,Roundys Pole Fence Co,523 N Prince St,Willunga,SA,5172,08-9450-7978,0453-896-533,alfred@pacleb.net.au,http://www.roundyspolefenceco.com.au
user93,pw93,Leatha,Block,48,female,Chadds Ford Winery,6926 Orange Ave,Two Rocks,WA,6037,08-7635-8350,0445-211-162,leatha_block@gmail.com,http://www.chaddsfordwinery.com.au
user94,pw94,Jacquelyne,Rosso,49,male,"Barragar, Anne L Esq",6940 Prospect Pl,Caldwell,NS,2710,02-4565-6425,0464-763-350,jacquelyne.rosso@yahoo.com,http://www.barragarannelesq.com.au
user95,pw95,Jonelle,Epps,50,female,Kvoo Radio,52347 San Fernando Rd,Coppabella,QL,4741,07-8085-8351,0461-339-731,jepps@hotmail.com,http://www.kvooradio.com.au
user96,pw96,Rosamond,Amlin,51,male,"Donovan, William P Esq",5399 Mcwhorter Rd,Calala,NS,2340,02-8007-5034,0438-251-615,rosamond.amlin@gmail.com,http://www.donovanwilliampesq.com.au
user97,pw97,Johnson,Mcenery,52,female,Overseas General Business Co,7 Hall St,Nambucca Heads,NS,2448,02-1718-4983,0446-721-262,johnson@gmail.com,http://www.overseasgeneralbusinessco.com.au
user98,pw98,Elliot,Scatton,53,male,Nilad Machining,5 W Allen St,Mccullys Gap,NS,2333,02-3647-9507,0481-878-290,elliot.scatton@hotmail.com,http://www.niladmachining.com.au
user99,pw99,Gerri,Perra,54,male,"Byrne, Beth Hobbs",15126 Goldenwest St,Toowoomba South,QL,4350,07-6019-7861,0416-887-937,gerri@yahoo.com,http://www.byrnebethhobbs.com.au
user100,pw100,Rosendo,Jelsma,17,female,"Dileo, Lucille A Esq",94 I 55s S,Applecross,WA,6953,08-7712-4785,0477-239-199,rosendo_jelsma@hotmail.com,http://www.dileolucilleaesq.com.au
user101,pw101,Eveline,Brickhouse,18,male,First Express,288 N 168th Ave #266,Camberwell West,VI,3124,03-9517-9800,0463-242-525,eveline@yahoo.com,http://www.firstexpress.com.au
user102,pw102,Laurene,Bennett,19,female,Elbin Internatl Baskets,5 Richmond Ct,North Perth,WA,6906,08-2969-2908,0468-234-875,laurene_bennett@gmail.com,http://www.elbininternatlbaskets.com.au
user103,pw103,Tegan,Ebershoff,20,male,Multiform Business Printing,28 Aaronwood Ave Ne,Coombell,NS,2470,02-6604-9720,0499-760-910,tegan_ebershoff@hotmail.com,http://www.multiformbusinessprinting.com.au
user104,pw104,Tracie,Huro,21,female,Jin Shin Travel Agency,39701 6th Ave #1485,Pacific Heights,QL,4703,07-1951-6787,0494-620-234,thuro@gmail.com,http://www.jinshintravelagency.com.au
user105,pw105,Mertie,Kazeck,22,male,Electra Gear Divsn Regal,35662 S University Blvd,Guildford,WA,6935,08-5475-6162,0446-422-535,mertie.kazeck@kazeck.com.au,http://www.electrageardivsnregal.com.au
user106,pw106,Clare,Bortignon,23,female,Sparta Home Center,73 Dennison St #70,Herron,WA,6210,08-9256-6135,0423-874-910,clare_bortignon@hotmail.com,http://www.spartahomecenter.com.au
user107,pw107,Rebeca,Baley,24,male,R A C E Enterprises Inc,9591 Bayshore Rd #637,Mirrool,NS,2665,02-7049-7728,0486-736-129,rebeca_baley@hotmail.com,http://www.raceenterprisesinc.com.au
user108,pw108,Nilsa,Pawell,25,female,Jersey Wholesale Fence Co Inc,57 N Weinbach Ave,Bundaberg West,QL,4670,07-8997-8513,0486-504-582,npawell@pawell.net.au,http://www.jerseywholesalefencecoinc.com.au
user109,pw109,Samuel,Arellanes,26,male,"Ryan, Barry M Esq",286 Santa Rosa Ave,Lane Cove,NS,1595,02-7995-6787,0446-710-661,samuel.arellanes@arellanes.net.au,http://www.ryanbarrymesq.com.au
user110,pw110,Ivette,Servantes,27,female,"Albright, Alexandra W Esq",446 Woodward Ave #1,Reservoir,VI,3073,03-9801-9429,0488-109-742,ivette_servantes@servantes.com.au,http://www.albrightalexandrawesq.com.au
user111,pw111,Merrilee,Fajen,28,male,Gazette Record,1 Jenks Ave,Upper Kedron,QL,4055,07-9104-1459,0489-493-308,merrilee@fajen.net.au,http://www.gazetterecord.com.au
user112,pw112,Gianna,Eilers,29,female,Cochnower Pest Control,7 Valley Blvd,Buchan,VI,3885,03-4328-5253,0418-994-884,gianna@yahoo.com,http://www.cochnowerpestcontrol.com.au
user113,pw113,Hyman,Phinazee,30,male,Als Village Stationers,42741 Anania Dr,Beltana,SA,5730,08-5756-9456,0446-460-955,hphinazee@yahoo.com,http://www.alsvillagestationers.com.au
user114,pw114,Buck,Pascucci,31,female,A B C Pattern & Foundry Co,5 Shakespeare Ave,Kingswood,SA,5062,08-9279-1731,0453-818-566,buck@yahoo.com,http://www.abcpatternfoundryco.com.au
user115,pw115,Kenny,Leicht,32,male,Gaddis Court Reporting,245 5th Ave,Nicholls Rivulet,TA,7112,03-6240-8274,0486-712-822,kenny@leicht.com.au,http://www.gaddiscourtreporting.com.au
user116,pw116,Tabetha,Bai,33,female,Howard Johnson,2 Gateway Ctr,Upper Mount Gravatt,QL,4122,07-6813-6477,0438-141-107,tabetha.bai@gmail.com,http://www.howardjohnson.com.au
user117,pw117,Alonso,Popper,17,male,Sunrise Cirby Animal Hospital,3175 Northwestern Hwy,Ridgley,TA,7321,03-7036-7071,0448-235-525,alonso_popper@hotmail.com,http://www.sunrisecirbyanimalhospital.com.au
user118,pw118,Alonzo,Polek,18,female,Braid Electric Co,8 S Plaza Dr,Tubbut,VI,3888,03-2403-7167,0419-100-429,alonzo_polek@polek.net.au,http://www.braidelectricco.com.au
user119,pw119,Son,Magnotta,19,male,"Lisko, Roy K Esq",8 Collins Ave,Collingullie,NS,2650,02-2376-7653,0446-520-807,son.magnotta@magnotta.net.au,http://www.liskoroykesq.com.au
user120,pw120,Jesusita,Druck,20,female,House Of Ing,9526 Lincoln St,Munno Para,SA,5115,08-3605-3943,0424-741-530,jesusita@druck.net.au,http://www.houseofing.com.au
user121,pw121,Annice,Kunich,21,male,"Hassanein, Nesa E Esq",406 E 4th St,Tyagarah,NS,2481,02-6769-6153,0449-775-616,annice_kunich@kunich.net.au,http://www.hassaneinnesaeesq.com.au
user122,pw122,Delila,Buchman,22,female,Frasier Karen L Kolligs,361 Via Colinas,Redgate,WA,6286,08-1791-7668,0454-544-286,delila.buchman@hotmail.com,http://www.frasierkarenlkolligs.com.au
user123,pw123,Iraida,Sionesini,23,male,Arc Of Montgomery County Inc,94 S Jefferson Rd,Modewarre,VI,3240,03-4812-5654,0490-625-307,iraida.sionesini@yahoo.com,http://www.arcofmontgomerycountyinc.com.au
user124,pw124,Alona,Driesenga,24,female,"Redington, Thomas P Esq",8961 S Central Expy,Stirling Range National Park,WA,6338,08-6777-4159,0428-176-191,alona_driesenga@hotmail.com,http://www.redingtonthomaspesq.com.au
user125,pw125,Lajuana,Vonderahe,25,male,Milwaukee Courier Inc,7 Wiley Post Way,Trowutta,TA,7330,03-5661-2424,0430-111-686,lajuana.vonderahe@yahoo.com,http://www.milwaukeecourierinc.com.au
user126,pw126,Madelyn,Maestri,26,female,Mervis Steel Co,60 S 4th St,Rouse Hill,NS,2155,02-2129-8131,0413-115-438,madelyn.maestri@yahoo.com,http://www.mervissteelco.com.au
user127,pw127,Louann,Susmilch,27,male,M Sorkin Sanford Associates,6 Lafayette St #3034,Wyandra,QL,4489,07-5035-4889,0489-594-290,louann_susmilch@yahoo.com,http://www.msorkinsanfordassociates.com.au
user128,pw128,William,Devol,28,female,Low Country Kitchen & Bath,35 Jefferson Ave,Goondi Hill,QL,4860,07-4963-5297,0485-183-917,wdevol@devol.net.au,http://www.lowcountrykitchenbath.com.au
user129,pw129,Corazon,Grafenstein,29,male,Spieker Properties,3492 88th St,Hill River,WA,6521,08-1624-7236,0481-500-964,cgrafenstein@gmail.com,http://www.spiekerproperties.com.au
user130,pw130,Fairy,Burket,30,female,Walker & Brehn Pa,20 Sw 28th Ter,Fairview Park,SA,5126,08-9159-7562,0472-806-350,fairy_burket@burket.com.au,http://www.walkerbrehnpa.com.au
user131,pw131,Lashawn,Urion,31,male,U Stor,6 Argyle Rd,Bar Beach,NS,2300,02-4794-6673,0436-337-750,lurion@yahoo.com,http://www.ustor.com.au
user132,pw132,Ronald,Gayner,32,female,"Moorhead, Michael D Esq",438 E Reynolds Rd #239,University Of Tasmania,TA,7005,03-7734-9557,0499-737-220,rgayner@hotmail.com,http://www.moorheadmichaeldesq.com.au
user133,pw133,Shizue,Hayduk,33,male,R M Sloan Co Inc,47 Hall St,Regent West,VI,3072,03-2297-9891,0456-480-906,shayduk@gmail.com,http://www.rmsloancoinc.com.au
user134,pw134,Nida,Fitz,17,female,Star Limousine,17720 Beach Blvd,Oxley,QL,4075,07-7445-2572,0473-495-435,nfitz@hotmail.com,http://www.starlimousine.com.au
user135,pw135,Amos,Limberg,18,male,Pioneer Telephone Paging,8 2nd St,Don,TA,7310,03-4539-9131,0492-444-651,alimberg@limberg.com.au,http://www.pioneertelephonepaging.com.au
user136,pw136,Dexter,Prosienski,19,female,Communication Buildings Amer,490 Court St,Nyora,VI,3987,03-2454-6523,0472-707-132,dexter@prosienski.net.au,http://www.communicationbuildingsamer.com.au
user137,pw137,Ludivina,Calamarino,20,male,Components & Equipment Co,1456 Hill Rd,Croydon,QL,4871,07-5378-4498,0482-267-844,lcalamarino@yahoo.com,http://www.componentsequipmentco.com.au
user138,pw138,Ariel,Stavely,21,female,Grand Rapids Right To Life,6 7th St,Scottsdale,TA,7260,03-6510-4788,0441-579-823,ariel_stavely@stavely.com.au,http://www.grandrapidsrighttolife.com.au
user139,pw139,Haley,Vaughn,22,male,Martin Nighswander & Mitchell,29 Nottingham Way #926,Montrose,VI,3765,03-7035-6484,0430-736-276,haley_vaughn@vaughn.net.au,http://www.martinnighswandermitchell.com.au
user140,pw140,Raelene,Legeyt,23,female,Barter Systems Inc,8818 Century Park E #33,Oak Park,VI,3046,03-4878-1766,0463-745-755,raelene@gmail.com,http://www.bartersystemsinc.com.au
user141,pw141,Micaela,Shiflett,24,male,W R Grace & Co,4 Commerce Center Dr,Nailsworth,SA,5083,08-8856-8589,0451-514-152,micaela_shiflett@shiflett.com.au,http://www.wrgraceco.com.au
user142,pw142,Alpha,Prudhomme,25,female,"Davis, J Mark Esq",979 S La Cienega Blvd #627,Tarong,QL,4615,07-9053-8045,0464-687-686,aprudhomme@hotmail.com,http://www.davisjmarkesq.com.au
user143,pw143,Zack,Warman,26,male,Roswell Honda Partners,9181 E 26th St,Kensington Park,SA,5068,08-9948-2940,0414-749-850,zwarman@gmail.com,http://www.roswellhondapartners.com.au
user144,pw144,Wilford,Pata,27,female,Era Mclachlan John Morgan Real,8855 North Ave,Ashmore,QL,4214,07-7445-2538,0445-797-121,wilford_pata@pata.net.au,http://www.eramclachlanjohnmorganreal.com.au
user145,pw145,Carman,Robasciotti,28,male,"Vaughan, James J Esq",4 Spinning Wheel Ln,Granya,VI,3701,03-1570-9956,0420-704-683,carman_robasciotti@hotmail.com,http://www.vaughanjamesjesq.com.au
user146,pw146,Carylon,Bayot,29,female,Wzyx 1440 Am,5905 S 32nd St,Alexandra,VI,3714,03-8858-7088,0475-926-458,carylon@gmail.com,http://www.wzyxam.com.au
user147,pw147,Gladys,Schmale,30,male,Amercn Spdy Printg Ctrs Ocala,514 Glenn Way,Wirrulla,SA,5661,08-4564-2338,0410-812-931,gschmale@schmale.net.au,http://www.amercnspdyprintgctrsocala.com.au
user148,pw148,Matilda,Peleg,31,female,A & D Pallet Co,708 S Wilson Way,Weymouth,TA,7252,03-1130-5685,0481-222-272,matilda.peleg@hotmail.com,http://www.adpalletco.com.au
user149,pw149,Jacklyn,Wojnar,32,male,Nationwide Insurance,16949 Harristown Rd,Summer Hill,NS,2287,02-6287-8787,0434-382-805,jacklyn@hotmail.com,http://www.nationwideinsurance.com.au
user150,pw150,Tashia,Charney,33,female,"Gallagher, Owen Esq",9 13th Ave S,Shailer Park,QL,4128,07-7659-5711,0450-769-383,tashia.charney@charney.net.au,http://www.gallagherowenesq.com.au
user151,pw151,Dorian,Eischens,17,male,Thomas Somerville Co,1 Rock Island Rd #8,Bell,NS,2786,02-7739-6600,0428-946-162,deischens@gmail.com,http://www.thomassomervilleco.com.au
user152,pw152,Jesus,Merkt,18,female,Unr Rohn,1554 Bracken Crk,Licola,VI,3858,03-9341-9757,0492-739-675,jesus_merkt@merkt.net.au,http://www.unrrohn.com.au
user153,pw153,Brandee,Svoboda,19,male,Cath Lea For Relig & Cvl Rgts,7 10th St W,Walyormouring,WA,6460,08-3614-5966,0419-644-936,brandee_svoboda@svoboda.net.au,http://www.cathleaforreligcvlrgts.com.au
user154,pw154,Edda,Mcquaide,20,female,Eagles Nest,9 Cron Hill Dr,Boronia,VI,3155,03-1465-8645,0416-330-811,emcquaide@yahoo.com,http://www.eaglesnest.com.au
user155,pw155,Felix,Bumby,21,male,Epsilon Products Company,82 Tremont St #4,Baddaginnie,VI,3670,03-1431-3996,0485-718-212,felix.bumby@bumby.com.au,http://www.epsilonproductscompany.com.au
user156,pw156,Ben,Kellman,22,female,"Anderson, Julie A Esq",30024 Whipple Ave Nw,Berrilee,NS,2159,02-7968-9243,0441-733-809,ben_kellman@kellman.net.au,http://www.andersonjulieaesq.com.au
user157,pw157,Mickie,Upton,23,male,Oakey & Oakey Abstrct Burnett,900 W Wood St,Barmaryee,QL,4703,07-7647-5420,0499-576-666,mickie.upton@yahoo.com,http://www.oakeyoakeyabstrctburnett.com.au
user158,pw158,Phung,Krome,24,female,Pacific Scientific Co,847 Norristown Rd,Longford,TA,7301,03-9617-5392,0417-815-258,pkrome@yahoo.com,http://www.pacificscientificco.com.au
user159,pw159,Lashonda,Langanke,25,male,"Krausert, Diane D Esq",667 S Highland Dr #4,Simson,VI,3465,03-9838-7533,0491-793-730,lashonda@langanke.net.au,http://www.krausertdianedesq.com.au
user160,pw160,Patria,Popa,26,female,Blaney Sheet Metal,21 W 2nd St,Killabakh,NS,2429,02-6522-3993,0493-319-728,patria.popa@gmail.com,http://www.blaneysheetmetal.com.au
user161,pw161,Nidia,Horr,27,male,"Goodknight, David R",2 W Henrietta Rd #6,Paluma,QL,4816,07-8441-8214,0437-170-488,nidia@gmail.com,http://www.goodknightdavidr.com.au
user162,pw162,Skye,Culcasi,28,female,Sullivan & Associates Ltd,82655 Shawnee Mission Pky #5798,Barnawartha,VI,3688,03-9075-3104,0451-601-420,skye_culcasi@hotmail.com,http://www.sullivanassociatesltd.com.au
user163,pw163,Kanisha,Reyelts,29,male,American Board Of Surgery,9 Taylor Ave,Holwell,TA,7275,03-2921-8418,0423-358-965,kreyelts@yahoo.com,http://www.americanboardofsurgery.com.au
user164,pw164,Hector,Barras,30,female,Vernon Manor Hotel,62 J St #450,Combienbar,VI,3889,03-3017-8394,0438-431-666,hector.barras@barras.com.au,http://www.vernonmanorhotel.com.au
user165,pw165,Stefan,Mongolo,31,male,Keith Altizer & Company Pa,2 Pennington St,Port Adelaide,SA,5015,08-4563-6214,0495-777-435,stefan_mongolo@mongolo.net.au,http://www.keithaltizercompanypa.com.au
user166,pw166,Francoise,Byon,32,female,H P Stran & Co,5496 Ne Columbia Blvd,Klemzig,SA,5087,08-3914-9404,0430-357-187,francoise@hotmail.com,http://www.hpstranco.com.au
user167,pw167,Lindy,Vandermeer,33,male,Southern National Bank S Car,4244 Lucas Creek Rd,Emu Park,QL,4710,07-9407-9202,0417-325-352,lindy@vandermeer.com.au,http://www.southernnationalbankscar.com.au
user168,pw168,Arthur,Diniz,17,female,American Western Mortgage,79819 Palmetto Ave,Travancore,VI,3032,03-2517-3453,0429-206-122,arthur@gmail.com,http://www.americanwesternmortgage.com.au
user169,pw169,Nicholle,Hulme,18,male,Oxner Vallerie,7 N Glenn Rd,Whetstone,QL,4387,07-7144-4719,0476-915-729,nicholle_hulme@hulme.com.au,http://www.oxnervallerie.com.au
user170,pw170,Tijuana,Mesch,19,female,Rochelle Cold Storage,61 Center St #8,Corella,QL,4570,07-1415-9307,0444-393-673,tijuana_mesch@gmail.com,http://www.rochellecoldstorage.com.au
user171,pw171,Lorenza,Schoenleber,20,male,Mail Boxes Etc,562 Nw Cornell Rd,Humpty Doo,NT,836,08-8081-7779,0445-830-408,lorenza.schoenleber@schoenleber.com.au,http://www.mailboxesetc.com.au
user172,pw172,Iola,Baird,21,female,Xandex Inc,48 General George Patton Dr #8611,Goode Beach,WA,6330,08-2325-5905,0482-635-206,ibaird@baird.net.au,http://www.xandexinc.com.au
user173,pw173,Sang,Weigner,22,male,"Hander, Deborah G Esq",9 W Passaic St,Heidelberg Rgh,VI,3081,03-8912-5755,0419-565-485,sweigner@gmail.com,http://www.handerdeborahgesq.com.au
user174,pw174,Leonor,Prez,23,female,Vinco Furniture Inc,968 Delaware Ave,Waterloo,NS,2017,02-7463-8776,0466-155-348,lprez@prez.com.au,http://www.vincofurnitureinc.com.au
user175,pw175,Silvana,Whelpley,24,male,Stamp House,548 Charmonie Ln,Minyip,VI,3392,03-5175-6193,0489-343-254,swhelpley@yahoo.com,http://www.stamphouse.com.au
user176,pw176,Anthony,Stever,25,female,Burton & Davis,91114 Grand Ave,Hunchy,QL,4555,07-7092-8542,0495-801-419,anthony.stever@hotmail.com,http://www.burtondavis.com.au
user177,pw177,Wenona,Carmel,26,male,"Maier, Kristine M",44 Bush St,Grosvenor Place,NS,1220,02-2832-1545,0439-849-209,wenona@gmail.com,http://www.maierkristinem.com.au
user178,pw178,Isadora,Yurick,27,female,J M Edmunds Co Inc,6 Mahler Rd,Pacific Paradise,QL,4564,07-9595-6042,0412-855-847,iyurick@hotmail.com,http://www.jmedmundscoinc.com.au
user179,pw179,Mose,Vonseggern,28,male,Art Concepts,1 E Main St,Hungerford,QL,4493,07-5769-8004,0467-531-601,mose_vonseggern@hotmail.com,http://www.artconcepts.com.au
user180,pw180,Marci,Aveline,29,female,"Richards, Don R Esq",58 State St #998,Boya,WA,6056,08-3342-3889,0447-443-927,marci.aveline@hotmail.com,http://www.richardsdonresq.com.au
user181,pw181,Michel,Hoyne,30,male,B & B Environmental Inc,11408 Green St,Elizabeth West,SA,5113,08-6183-9260,0481-466-206,michel@hoyne.com.au,http://www.bbenvironmentalinc.com.au
user182,pw182,Stephania,Connon,31,female,Printing Delite,297 8th Ave S #9,Gumly Gumly,NS,2652,02-5725-5992,0416-443-185,stephania.connon@connon.com.au,http://www.printingdelite.com.au
user183,pw183,Charolette,Turk,32,male,Weil Mclain Co,1 Wyckoff Ave,Wilmington,SA,5485,08-4735-5054,0430-400-899,cturk@yahoo.com,http://www.weilmclainco.com.au
user184,pw184,Katie,Magro,33,female,"Jones, Andrew D Esq",8 E North Ave,Pagewood,NS,2035,02-7265-9702,0439-832-641,katie_magro@gmail.com,http://www.jonesandrewdesq.com.au
user185,pw185,Inocencia,Angeron,17,male,South Adams Savings Bank,13386 Tamarco Dr #20,Tawonga,VI,3697,03-6268-2647,0482-712-669,inocencia.angeron@angeron.net.au,http://www.southadamssavingsbank.com.au
user186,pw186,Nikita,Novosel,18,female,Universal Granite & Marble Inc,70 W Market St #20,Hamlyn Heights,VI,3215,03-5716-1053,0470-886-805,nikita_novosel@novosel.net.au,http://www.universalgranitemarbleinc.com.au
user187,pw187,Malcolm,Gohlke,19,male,Imagelink,53247 Montgomery St #36,Southtown,QL,4350,07-9826-3950,0450-887-422,malcolm@yahoo.com,http://www.imagelink.com.au
user188,pw188,Desiree,Englund,20,female,Wrrr Fm,9495 Central Hwy #66,East Bowes,WA,6535,08-5289-4594,0414-731-630,denglund@gmail.com,http://www.wrrrfm.com.au
user189,pw189,Holley,Worland,21,male,Lord Aeck & Sargent Architects,2 Route 9,Blue Haven,NS,2262,02-9885-9593,0469-808-491,holley.worland@hotmail.com,http://www.lordaecksargentarchitects.com.au
user190,pw190,Maryann,Tates,22,female,Dalbec Agency Inc,75700 Academy Rd,Cramphorne,WA,6420,08-1520-4093,0479-474-917,mtates@yahoo.com,http://www.dalbecagencyinc.com.au
user191,pw191,Ling,Dibello,23,male,Reese Press Inc,6 Monte Ave,Beelbi Creek,QL,4659,07-1330-6750,0444-175-406,ling_dibello@yahoo.com,http://www.reesepressinc.com.au
user192,pw192,Hailey,Kopet,24,female,"Stokes, Fred J Esq",5 France Ave S,Tanbar,QL,4481,07-3799-1667,0443-979-875,hailey_kopet@kopet.com.au,http://www.stokesfredjesq.com.au
user193,pw193,Farrah,Malboeuf,25,male,"Slachter, David Esq",803 Tupper Ln,Ringwood,VI,3134,03-7139-6376,0472-511-112,farrah@malboeuf.com.au,http://www.slachterdavidesq.com.au
user194,pw194,Candra,Deritis,26,female,Girling Health Care Inc,43 Nolan St,Battery Point,TA,7004,03-4231-3633,0439-769-439,candra@deritis.net.au,http://www.girlinghealthcareinc.com.au
user195,pw195,Reuben,Hegland,27,male,Welders Supply Service Inc,6 W 39th St,Milton,NS,2538,02-1402-5215,0489-476-500,reuben@yahoo.com,http://www.welderssupplyserviceinc.com.au
user196,pw196,Anglea,Andrion,28,female,"Engelbrecht, William H Esq",910 21st St,Laura,QL,4871,07-3239-2830,0442-946-694,anglea.andrion@andrion.com.au,http://www.engelbrechtwilliamhesq.com.au
user197,pw197,Paris,Tuccio,29,male,Nancy Brandon Realtor,2677 S Jackson St,Kidman Park,SA,5025,08-8868-2010,0417-281-870,paris.tuccio@hotmail.com,http://www.nancybrandonrealtor.com.au
user198,pw198,Latricia,Schmoyer,30,male,Flanagan Lieberman Hoffman,6 Central Ave #4,Woodville,SA,5011,08-5444-3296,0459-945-995,latricia_schmoyer@hotmail.com,http://www.flanaganliebermanhoffman.com.au
user199,pw199,Jeffrey,Leuenberger,31,female,Walter W Lawrence Ink,564 Almeria Ave #7474,Pedler Creek,SA,5171,08-1267-4421,0436-612-609,jleuenberger@yahoo.com,http://www.walterwlawrenceink.com.au
user200,pw200,Dean,Vollstedt,32,male,Ship It Packaging Inc,4 Grand St,Muckleford South,VI,3462,03-6776-1146,0492-559-630,dvollstedt@vollstedt.com.au,http://www.shipitpackaginginc.com.au
user201,pw201,Deane,Haag,33,female,Malsbary Mfg Co,9 Hamilton Blvd #299,Sydney South,NS,1235,02-9718-2944,0453-828-758,dhaag@hotmail.com,http://www.malsbarymfgco.com.au
user202,pw202,Edelmira,Pedregon,17,male,Independence Marine Corp,50638 Northwest Blvd,Bandy Creek,WA,6450,08-8484-3223,0454-458-365,edelmira_pedregon@hotmail.com,http://www.independencemarinecorp.com.au
user203,pw203,Andrew,Keks,18,female,Anthonys,51 Bridge Ave,Carwarp,VI,3494,03-5251-3153,0499-155-325,andrew@gmail.com,http://www.anthonys.com.au
user204,pw204,Miesha,Decelles,19,male,L M H Inc,457 St Sebastian Way #189,Eltham,VI,3095,03-5185-6258,0440-277-657,mdecelles@decelles.net.au,http://www.lmhinc.com.au
user205,pw205,Javier,Osmer,20,female,Milgo Industrial Inc,6 Ackerman Rd,Doncaster East,VI,3109,03-8369-6924,0489-202-570,javier@osmer.com.au,http://www.milgoindustrialinc.com.au
user206,pw206,Kizzy,Stangle,21,male,"Rogers, Clay M Esq",8 W Lake St #1,Welbungin,WA,6477,08-1937-3980,0474-218-755,kizzy.stangle@yahoo.com,http://www.rogersclaymesq.com.au
user207,pw207,Sharan,Wodicka,22,female,Usa Asbestos Co,8454 6  17 M At Bradleys,Shenton Park,WA,6008,08-4712-2157,0413-129-424,sharan@wodicka.net.au,http://www.usaasbestosco.com.au
user208,pw208,Novella,Fritch,23,male,"Voils, Otis V",5 Ellestad Dr,Girraween,NS,2145,02-2612-1455,0458-731-791,nfritch@fritch.com.au,http://www.voilsotisv.com.au
user209,pw209,German,Dones,24,female,Oaz Communications,9 N Nevada Ave,Woronora,NS,2232,02-2393-3289,0495-882-447,german@gmail.com,http://www.oazcommunications.com.au
user210,pw210,Robt,Blanck,25,male,Elan Techlgy A Divsn Mansol,790 E Wisconsin Ave,Woodbury,TA,7120,03-6517-9318,0415-690-961,robt.blanck@yahoo.com,http://www.elantechlgyadivsnmansol.com.au
user211,pw211,Rossana,Biler,26,female,Norfolk County Newton Lung,60481 N Clark St,Lee Point,NT,810,08-9855-2125,0461-569-843,rossana.biler@biler.net.au,http://www.norfolkcountynewtonlung.com.au
user212,pw212,Henriette,Gish,27,male,Parker Bush & Lane Pc,43 E Main St,Baranduda,VI,3691,03-9935-5135,0413-952-396,henriette.gish@gish.net.au,http://www.parkerbushlanepc.com.au
user213,pw213,Buffy,Stitely,28,female,Stylecraft Corporation,5 Madison St #4651,Police Point,TA,7116,03-1600-5230,0451-121-905,buffy_stitely@stitely.com.au,http://www.stylecraftcorporation.com.au
user214,pw214,Christiane,Osmanski,29,male,"Bennett, Matthew T Esq",85 Nw Frontage Rd,Williamstown,WA,6430,08-9693-9052,0418-813-310,christiane@gmail.com,http://www.bennettmatthewtesq.com.au
user215,pw215,Annamae,Lothridge,30,female,Highland Meadows Golf Club,584 Meridian St #997,Civic Square,AC,2608,02-1919-3941,0495-759-817,alothridge@hotmail.com,http://www.highlandmeadowsgolfclub.com.au
user216,pw216,Vanesa,Glockner,31,male,"Nelson, Michael J Esq",28220 Park Avenue W,Taragoola,QL,4680,07-7052-4547,0496-610-278,vanesa@glockner.com.au,http://www.nelsonmichaeljesq.com.au
user217,pw217,Gennie,Pastorino,32,female,"Henry, Robert J Esq",5 Austin Ave,Charleston,SA,5244,08-4753-2870,0425-685-933,gennie.pastorino@gmail.com,http://www.henryrobertjesq.com.au
user218,pw218,Tamra,Kenfield,33,male,Mackraft Signs,481 925n N #959,Kealy,WA,6280,08-5614-9153,0438-378-139,tkenfield@kenfield.com.au,http://www.mackraftsigns.com.au
user219,pw219,Tien,Kinney,17,female,Orco State Empl Fed Crdt Un,9 9th St #4,Lillimur,VI,3420,03-7767-6169,0468-244-186,tien_kinney@kinney.com.au,http://www.orcostateemplfedcrdtun.com.au
user220,pw220,Malcom,Leja,18,male,"Johnsen, Robert U Esq",56232 Hohman Ave,Officer,VI,3809,03-2477-9133,0412-417-394,malcom@leja.com.au,http://www.johnsenrobertuesq.com.au
user221,pw221,Claudia,Gawrych,19,female,Abe Goldstein Ofc Furn,3 Wall St #26,Lilli Pilli,NS,2229,02-4246-3092,0465-885-293,claudia@gmail.com,http://www.abegoldsteinofcfurn.com.au
user222,pw222,Page,Entzi,20,male,Roland Ashcroft,63154 Artesia Blvd,Blue Rocks,TA,7255,03-2484-5500,0497-335-342,page@entzi.net.au,http://www.rolandashcroft.com.au
user223,pw223,Lorita,Roches,21,female,Village Meadows,32 E Poythress St,Westminster,WA,6061,08-2358-3115,0436-530-773,lorita_roches@roches.net.au,http://www.villagemeadows.com.au
user224,pw224,Annita,Lek,22,male,Busada Manufacturing Corp,86274 Howell Mill Rd Nw,Karama,NT,812,08-3384-3181,0426-888-203,annita.lek@lek.net.au,http://www.busadamanufacturingcorp.com.au
user225,pw225,Eliseo,Mikovec,23,female,Air Flow Co Inc,25488 Brickell Ave,Ocean Shores,NS,2483,02-9829-2371,0497-955-472,emikovec@mikovec.com.au,http://www.airflowcoinc.com.au
user226,pw226,Tyisha,Layland,24,male,Freitag Pc,270 5th Ave,Eastwood,SA,5063,08-2158-6758,0490-478-206,tyisha@yahoo.com,http://www.freitagpc.com.au
user227,pw227,Colene,Tolbent,25,female,Saw Repair & Supply Co,891 Union Pacific Ave #8463,Gloucester,NS,2422,02-4376-1104,0466-541-467,colene.tolbent@tolbent.net.au,http://www.sawrepairsupplyco.com.au
user228,pw228,Francis,Senters,26,male,Middendorf Meat Quality Foods,4562 Aurora Ave N,Heidelberg Rgh,VI,3081,03-5933-7288,0463-965-946,fsenters@gmail.com,http://www.middendorfmeatqualityfoods.com.au
user229,pw229,Hester,Dollins,27,female,Eagle Plywood & Door Mfrs Inc,4864 N 168th Ave,The Risk,NS,2474,02-1622-6412,0473-268-319,hester_dollins@gmail.com,http://www.eagleplywooddoormfrsinc.com.au
user230,pw230,Susana,Baumgarter,28,male,"Leigh, Lewis R Esq",7 Elm Ave,Yanco,NS,2703,02-5410-5137,0491-209-954,susana.baumgarter@yahoo.com,http://www.leighlewisresq.com.au
user231,pw231,Dahlia,Tummons,29,female,Bare Bones,6508 Adams St #32,Port Fairy,VI,3284,03-8216-8640,0430-768-907,dahlia.tummons@gmail.com,http://www.barebones.com.au
user232,pw232,Osvaldo,Falvey,30,male,"Avila, Edward G Esq",6434 Westchester Ave #28,Queenton,QL,4820,07-4854-5045,0437-545-265,osvaldo.falvey@yahoo.com,http://www.avilaedwardgesq.com.au
user233,pw233,Armando,Barkley,31,female,Oregon Handling Equip Co,70680 S Rider Trl,Watercarrin,WA,6407,08-8161-8201,0465-254-471,armando.barkley@yahoo.com,http://www.oregonhandlingequipco.com.au
user234,pw234,Torie,Deras,32,male,"Reynolds, Stephen R Esq",700 Factory Ave #5649,Yeppoon,QL,4703,07-8371-4719,0426-991-115,torie_deras@yahoo.com,http://www.reynoldsstephenresq.com.au
user235,pw235,Tamie,Hollimon,33,female,Credit Union Of The Rockies,3 Cherokee St,Bobalong,WA,6320,08-7046-5484,0423-870-900,tamie@hollimon.com.au,http://www.creditunionoftherockies.com.au
user236,pw236,Lettie,Hessenthaler,17,male,"Sullivan, John M Esq",76542 W Bijou St,Wurdiboluc,VI,3241,03-5855-5156,0454-956-810,lettie_hessenthaler@hessenthaler.net.au,http://www.sullivanjohnmesq.com.au
user237,pw237,Chaya,Muhlbauer,18,female,Henry D Lederman,44009 W 63rd #269,North Dandalup,WA,6207,08-5943-4352,0469-609-289,chaya_muhlbauer@muhlbauer.net.au,http://www.henrydlederman.com.au
user238,pw238,Terina,Wildeboer,19,male,"Burress, S Paige Esq",462 Morris Ave,Seddon,VI,3011,03-9107-7349,0438-810-326,terina_wildeboer@wildeboer.com.au,http://www.burressspaigeesq.com.au
user239,pw239,Lisbeth,Agney,20,female,Dynetics,1 El Camino Real #603,Hindmarsh,WA,6462,08-1184-4145,0449-675-754,lisbeth.agney@agney.net.au,http://www.dynetics.com.au
user240,pw240,Lillian,Dominique,21,male,West Pac Environmental Inc,92417 Arbuckle Ct,Julia Creek,QL,4823,07-3594-6592,0490-548-561,lillian@hotmail.com,http://www.westpacenvironmentalinc.com.au
user241,pw241,Corrina,Lindblom,22,female,Progressive Machine Co,1 Westpark Dr,Salter Point,WA,6152,08-7915-5110,0463-118-373,clindblom@gmail.com,http://www.progressivemachineco.com.au
user242,pw242,Dylan,Chaleun,23,male,Berhanu International Foods,5 Montana Ave,Lilydale,QL,4344,07-2319-2889,0412-631-864,dylan_chaleun@hotmail.com,http://www.berhanuinternationalfoods.com.au
user243,pw243,Jerrod,Luening,24,female,"Mcmillan, Regina E Esq",6629 Main St,Tea Gardens,NS,2324,02-9554-9632,0451-857-511,jerrod_luening@luening.com.au,http://www.mcmillanreginaeesq.com.au
user244,pw244,Gracie,Vicente,25,male,Central Nebraska Home Care,4 W 18th St,Oxley,VI,3678,03-2444-8291,0420-776-847,gracie.vicente@hotmail.com,http://www.centralnebraskahomecare.com.au
user245,pw245,Barabara,Amedro,26,female,Unicircuit Inc,95412 16th St #6,Yallah,NS,2530,02-3449-6894,0467-209-469,barabara@amedro.net.au,http://www.unicircuitinc.com.au
user246,pw246,Delsie,Ducos,27,male,F H Overseas Export Inc,17 Kamehameha Hwy,Cavendish,VI,3314,03-1361-8465,0458-548-827,dducos@hotmail.com,http://www.fhoverseasexportinc.com.au
user247,pw247,Cassie,Digregorio,28,female,"Musgrave, R Todd Esq",8650 S Valley View Bld #6941,Condobolin,NS,2877,02-7922-5417,0433-677-495,cdigregorio@digregorio.net.au,http://www.musgravertoddesq.com.au
user248,pw248,Tamekia,Kajder,29,male,Santek Inc,16 Talmadge Rd,West Tamworth,NS,2340,02-7498-8576,0418-218-423,tamekia_kajder@yahoo.com,http://www.santekinc.com.au
user249,pw249,Johanna,Saffer,30,female,Springer Industrial Equip Inc,750 Lancaster Ave,Campsie,NS,2194,02-5970-1748,0477-424-229,johanna@yahoo.com,http://www.springerindustrialequipinc.com.au
user250,pw250,Sharita,Kruk,31,male,"Long, Robert B Jr",8808 Northern Blvd,Merrylands,NS,2160,02-7386-4544,0442-976-132,sharita_kruk@gmail.com,http://www.longrobertbjr.com.au
user251,pw251,Gerald,Chrusciel,32,female,"Prusax, Maximilian M Esq",76596 Pleasant Hill Rd,Townsville Milpo,QL,4813,07-7446-6315,0426-833-750,gerald@chrusciel.net.au,http://www.prusaxmaximilianmesq.com.au
user252,pw252,Ardella,Dieterich,33,male,Custom Jig Grinding,94 Delta Fair Blvd #2702,Runnymede,QL,4615,07-3581-9462,0426-488-593,ardella.dieterich@yahoo.com,http://www.customjiggrinding.com.au
user253,pw253,Jackie,Kellebrew,47,female,Senior Village Nursing Home,25 Sw End Blvd #609,Coominya,QL,4311,07-9840-6419,0448-206-407,jackie.kellebrew@kellebrew.com.au,http://www.seniorvillagenursinghome.com.au
user254,pw254,Mabelle,Ramero,48,male,"Mchale, Joseph G Esq",15258 W Charleston Blvd,Aroona,QL,4551,07-8857-6463,0427-579-588,mabelle.ramero@ramero.net.au,http://www.mchalejosephgesq.com.au
user255,pw255,Jonell,Biasi,49,female,Pestmaster Services Inc,75 Ryan Dr #70,Duramana,NS,2795,02-5095-2983,0486-778-453,jbiasi@biasi.net.au,http://www.pestmasterservicesinc.com.au
user256,pw256,Linwood,Wessner,50,male,Moorhead Associates Inc,9634 South St,Saltwater River,TA,7186,03-6053-2447,0487-913-509,linwood.wessner@hotmail.com,http://www.moorheadassociatesinc.com.au
user257,pw257,Samira,Heninger,51,female,Alb Inc,40490 Morrow St,Bluff,QL,4702,07-9512-2457,0443-539-658,sheninger@yahoo.com,http://www.albinc.com.au
user258,pw258,Julieta,Cropsey,52,male,Atrium Marketing Inc,9 Commerce Cir,Kingaroy,QL,4610,07-4217-6258,0420-286-404,julieta@yahoo.com,http://www.atriummarketinginc.com.au
user259,pw259,Serita,Barthlow,53,female,Machine Design Service Inc,190 34th St #8,Nangetty,WA,6522,08-2941-7378,0493-703-129,serita_barthlow@gmail.com,http://www.machinedesignserviceinc.com.au
user260,pw260,Tori,Tepley,54,male,Mcwhirter Realty Corp,1036 Malone Rd,Uarbry,NS,2329,02-2493-1870,0449-807-281,tori@tepley.net.au,http://www.mcwhirterrealtycorp.com.au
user261,pw261,Nancey,Whal,17,female,National Mortgage Co,398 Fort Campbell Blvd #923,Cudgera Creek,NS,2484,02-3248-3283,0426-612-418,nancey@whal.net.au,http://www.nationalmortgageco.com.au
user262,pw262,Wilbert,Beckes,18,male,"Alvis, John W Esq",2799 Cajon Blvd,East Nanango,QL,4615,07-9178-6430,0455-947-547,wilbert@hotmail.com,http://www.alvisjohnwesq.com.au
user263,pw263,Werner,Hermens,19,female,Community Health Law Project,302 N 10th St #3896,Oakleigh South,VI,3167,03-9085-5714,0462-625-869,whermens@hermens.net.au,http://www.communityhealthlawproject.com.au
user264,pw264,Sunny,Catton,20,male,Highway Rentals Inc,79346 Firestone Blvd,Gununa,QL,4871,07-1217-9907,0450-440-670,scatton@catton.com.au,http://www.highwayrentalsinc.com.au
user265,pw265,Keva,Moehring,21,female,Rapid Reproductions Printing,37564 Grace Ln,Salamander Bay,NS,2317,02-9187-4769,0448-465-944,keva.moehring@moehring.net.au,http://www.rapidreproductionsprinting.com.au
user266,pw266,Mary,Dingler,22,male,Autocrat Inc,470 W Irving Park Rd,Bundaberg North,QL,4670,07-3963-4469,0452-920-972,mary.dingler@gmail.com,http://www.autocratinc.com.au
user267,pw267,Huey,Bukovac,23,female,Venino And Venino,6 Jefferson St,Middleton,SA,5213,08-5236-2143,0486-924-555,huey.bukovac@hotmail.com,http://www.veninoandvenino.com.au
user268,pw268,Antonio,Eighmy,24,male,Corporex Companies Inc,1758 Park Pl,Eaglemont,VI,3084,03-6144-7318,0438-100-197,antonio.eighmy@yahoo.com,http://www.corporexcompaniesinc.com.au
user269,pw269,Quinn,Weissbrodt,25,female,Economy Stainless Supl Co Inc,7659 Market St,Premer,NS,2381,02-7239-9923,0432-253-912,qweissbrodt@weissbrodt.com.au,http://www.economystainlesssuplcoinc.com.au
user270,pw270,Carin,Georgiades,26,male,Dgstv Diseases Cnslnts,95830 Webster Dr,Trott Park,SA,5158,08-8343-3550,0475-701-279,cgeorgiades@gmail.com,http://www.dgstvdiseasescnslnts.com.au
user271,pw271,Jill,Davoren,27,male,Broaches Inc,26 Old William Penn Hwy,Boynewood,QL,4626,07-1698-9047,0468-451-905,jill_davoren@davoren.net.au,http://www.broachesinc.com.au
user272,pw272,Sanjuana,Goodness,28,female,Woods Manufactured Housing,343 E Main St,Maraylya,NS,2765,02-2208-2711,0436-444-424,sgoodness@goodness.net.au,http://www.woodsmanufacturedhousing.com.au
user273,pw273,Elin,Koerner,29,male,Theos Software Corp,8 Cabot Rd,Wayville,SA,5034,08-5221-9700,0472-281-671,elin_koerner@koerner.com.au,http://www.theossoftwarecorp.com.au
user274,pw274,Charlena,Decamp,30,female,Stanco Metal Products Inc,8 Allied Dr,Burnside,WA,6285,08-7615-2416,0469-445-592,charlena@gmail.com,http://www.stancometalproductsinc.com.au
user275,pw275,Annette,Breyer,31,male,Xyvision Inc,26921 Vassar St,Daradgee,QL,4860,07-5417-9612,0484-806-405,abreyer@hotmail.com,http://www.xyvisioninc.com.au
user276,pw276,Alexis,Morguson,32,female,Carrera Casting Corp,9 Old York Rd #418,Weetulta,SA,5573,08-1895-1457,0475-760-952,amorguson@morguson.com.au,http://www.carreracastingcorp.com.au
user277,pw277,Princess,Saffo,33,male,Asian Jewelry,12398 Duluth St,Auburn,NS,1835,02-2656-6234,0467-758-219,princess_saffo@hotmail.com,http://www.asianjewelry.com.au
user278,pw278,Ashton,Sutherburg,17,female,Southwark Corporation,960 S Arroyo Pkwy,South Hobart,TA,7004,03-9215-3224,0427-327-492,asutherburg@gmail.com,http://www.southwarkcorporation.com.au
user279,pw279,Elmer,Redlon,18,male,Kdhl Am Radio,53 Euclid Ave,Forbes,NS,2871,02-1075-4690,0463-757-229,elmer@hotmail.com,http://www.kdhlamradio.com.au
user280,pw280,Aliza,Akiyama,19,female,"Kelly, Charles G Esq",700 Wilmson Rd,Forest Reefs,NS,2798,02-9324-7803,0445-609-538,aliza@yahoo.com,http://www.kellycharlesgesq.com.au
user281,pw281,Ora,Handrick,20,male,Fennessey Buick Inc,466 Hillsdale Ave,Rocklands,VI,3401,03-8357-4617,0411-111-689,ora.handrick@gmail.com,http://www.fennesseybuickinc.com.au
user282,pw282,Brent,Ahlborn,21,female,Apex Bottle Co,86351 Pine Ave,Oaklands Park,SA,5046,08-4563-9520,0492-994-709,bahlborn@ahlborn.com.au,http://www.apexbottleco.com.au
user283,pw283,Tora,Telch,22,male,Shamrock Food Service,6139 Contractors Dr #450,Buckland Park,SA,5120,08-8808-8104,0429-419-390,tora@telch.net.au,http://www.shamrockfoodservice.com.au
user284,pw284,Hildred,Eilbeck,23,female,Plastic Supply Inc,83 Longhurst Rd,Longwood,SA,5153,08-2922-4115,0463-881-817,hildred_eilbeck@eilbeck.net.au,http://www.plasticsupplyinc.com.au
user285,pw285,Dante,Freiman,24,male,Gaylord,76 Daylight Way #7,Varsity Lakes,QL,4227,07-1964-4238,0432-682-937,dante_freiman@freiman.net.au,http://www.gaylord.com.au
user286,pw286,Emmanuel,Avera,25,female,Bank Of New York Na,3883 N Central Ave,Appin,NS,2560,02-1987-8525,0498-489-459,emmanuel@yahoo.com,http://www.bankofnewyorkna.com.au
user287,pw287,Keshia,Wasp,26,male,"Cole, Gary D Esq",75 E Main,Adelaide River,NT,846,08-1683-9243,0439-885-729,kwasp@wasp.net.au,http://www.colegarydesq.com.au
user288,pw288,Sherman,Mahmud,27,female,"Gencheff, Nelson E Do",9 Memorial Pky Nw,Harris Park,NS,2150,02-2621-3361,0468-488-918,sherman@mahmud.com.au,http://www.gencheffnelsonedo.com.au
user289,pw289,Lore,Brothers,28,male,American General Finance,70086 Division St #3,Kallista,VI,3791,03-8780-3473,0449-337-116,lore@hotmail.com,http://www.americangeneralfinance.com.au
user290,pw290,Shawn,Weibe,29,female,"Feutz, James F Esq",4 Middletown Blvd #33,Camena,TA,7316,03-9480-9611,0456-595-946,shawn@hotmail.com,http://www.feutzjamesfesq.com.au
user291,pw291,Karima,Cheever,30,male,Kwik Kopy Printing & Copying,20907 65s S,Woodberry,NS,2322,02-5977-8561,0416-963-557,karima_cheever@hotmail.com,http://www.kwikkopyprintingcopying.com.au
user292,pw292,Francesco,Kloos,31,female,Borough Clerk,82136 Post Rd,Rocky Gully,WA,6397,08-1687-4873,0420-185-206,fkloos@kloos.com.au,http://www.boroughclerk.com.au
user293,pw293,King,Picton,32,male,U S Rentals,3 W Pioneer Dr,Preston Beach,WA,6215,08-7605-2080,0468-322-703,king@hotmail.com,http://www.usrentals.com.au
user294,pw294,Mica,Simco,33,female,Katz Brothers Market Inc,5610 Holliday Rd,Brigalow,QL,4412,07-1037-3391,0471-169-302,msimco@gmail.com,http://www.katzbrothersmarketinc.com.au
user295,pw295,Lamonica,Princiotta,17,male,Grossman Tuchman & Shah,29133 Hammond Dr #1,Beermullah,WA,6503,08-5227-2620,0425-628-359,lamonica@hotmail.com,http://www.grossmantuchmanshah.com.au
user296,pw296,Curtis,Ware,18,female,American Inst Muscl Studies,51 Greenwood Ave,Ridgewood,WA,6030,08-6278-9532,0484-331-585,curtis@ware.net.au,http://www.americaninstmusclstudies.com.au
user297,pw297,Sabrina,Rabena,19,male,Joyces Submarine Sandwiches,327 Ward Pky,Bayles,VI,3981,03-5662-3542,0486-768-529,sabrina_rabena@hotmail.com,http://www.joycessubmarinesandwiches.com.au
user298,pw298,Denae,Saeteun,20,female,"Domurad, John M Esq",52680 W Hwy 55 #59,Moorabbin Airport,VI,3194,03-2802-7434,0410-539-386,denae_saeteun@hotmail.com,http://www.domuradjohnmesq.com.au
user299,pw299,Anastacia,Carranzo,21,male,Debbies Golden Touch,654 Se 29th St,Waratah West,NS,2298,02-6078-3417,0481-193-115,anastacia@yahoo.com,http://www.debbiesgoldentouch.com.au
user300,pw300,Irving,Plocica,22,female,"Johnston, George M Esq",65 Clayton Rd,Cullulleraine,VI,3496,03-9050-2741,0465-434-187,irving@hotmail.com,http://www.johnstongeorgemesq.com.au
user301,pw301,Elenor,Siefken,23,male,Chateau Sonesta Hotel,136 2nd Ave N,Cairns City,QL,4870,07-5085-8138,0419-509-353,elenor.siefken@yahoo.com,http://www.chateausonestahotel.com.au
user302,pw302,Mary,Irene,24,female,Superior Trading Co,3 N Michigan Ave,Warding East,WA,6405,08-8012-6469,0411-620-740,mirene@gmail.com,http://www.superiortradingco.com.au
user303,pw303,Crista,Padua,25,male,Breathitt Fnrl Home & Mnmt Co,1607 Laurel St,North Haven,NS,2443,02-9472-5814,0471-602-916,crista_padua@gmail.com,http://www.breathittfnrlhomemnmtco.com.au
user304,pw304,Lawana,Yuasa,26,female,Viking Lodge,77818 Prince Drew Rd,Cape Paterson,VI,3995,03-2324-3472,0456-330-756,lawana_yuasa@yuasa.net.au,http://www.vikinglodge.com.au
user305,pw305,Maryrose,Cove,27,male,Brown Bear Bait Company,1 Vogel Rd,Cabramatta,NS,2166,02-8010-8344,0440-811-454,mcove@hotmail.com,http://www.brownbearbaitcompany.com.au
user306,pw306,Lindsey,Rathmann,28,female,Pakzad Advertising,5 Main St,Kongorong,SA,5291,08-1269-1489,0499-741-651,lindsey_rathmann@rathmann.com.au,http://www.pakzadadvertising.com.au
user307,pw307,Lynelle,Koury,29,male,Jean Barbara Ltd,7696 Carey Ave,Digby,VI,3309,03-5213-8219,0462-987-152,lynelle.koury@koury.net.au,http://www.jeanbarbaraltd.com.au
user308,pw308,Brice,Bogacz,30,female,"Thurmon, Steven P",76 San Pablo Ave,Sedan,SA,5353,08-5203-2193,0467-821-930,bbogacz@hotmail.com,http://www.thurmonstevenp.com.au
user309,pw309,Laine,Killean,31,male,"Bussard, Vicki L Esq",767 9th Ave Sw,Braybrook,VI,3019,03-2813-6426,0411-276-383,laine@gmail.com,http://www.bussardvickilesq.com.au
user310,pw310,Rachael,Crawley,32,female,Stamell Tabacco & Schager,82 Hopkins Plz,Inkpen,WA,6302,08-2089-8553,0459-738-842,rachael@gmail.com,http://www.stamelltabaccoschager.com.au
user311,pw311,Della,Selestewa,33,male,Aztech Controls Inc,64 Prairie Ave,Gillieston Heights,NS,2321,02-4885-8382,0456-162-659,della.selestewa@gmail.com,http://www.aztechcontrolsinc.com.au
user312,pw312,Thomasena,Graziosi,17,female,Hutchinson Inc,5 Jackson St,Neerabup,WA,6031,08-4849-4417,0434-497-618,thomasena@gmail.com,http://www.hutchinsoninc.com.au
user313,pw313,Frederic,Schimke,18,male,Curtis & Curtis Inc,705 Stanwix St,Mount Martha,VI,3934,03-4829-5695,0435-982-307,fschimke@schimke.com.au,http://www.curtiscurtisinc.com.au
user314,pw314,Halina,Dellen,19,female,"Roane, Matthew H Esq",3318 Buckelew Ave,Appila,SA,5480,08-6742-2308,0478-235-293,halina.dellen@dellen.com.au,http://www.roanematthewhesq.com.au
user315,pw315,Ryann,Riston,20,male,Best Western Gloucester Inn,38494 Port Reading Ave,Milton,QL,4064,07-9920-3550,0423-341-752,ryann@hotmail.com,http://www.bestwesterngloucesterinn.com.au
user316,pw316,Shawn,Vugteveen,21,female,Shine,81 Us Highway 9,Etty Bay,QL,4858,07-3103-8372,0480-561-819,svugteveen@vugteveen.net.au,http://www.shine.com.au
user317,pw317,Leah,Milsap,22,male,"Schwartz, Seymour I Md",45 Mountain View Ave,Lower Hermitage,SA,5131,08-4040-9192,0452-193-155,leah@milsap.com.au,http://www.schwartzseymourimd.com.au
user318,pw318,Ira,Zihal,23,female,American Express Publshng Corp,6 W Meadow St,Degilbo,QL,4621,07-4724-9987,0466-603-340,ira.zihal@yahoo.com,http://www.americanexpresspublshngcorp.com.au
user319,pw319,Paris,Kinnison,24,male,Saratoga Land Office,2 Old Corlies Ave,Eastern Heights,QL,4305,07-4518-4450,0454-257-906,paris.kinnison@gmail.com,http://www.saratogalandoffice.com.au
user320,pw320,Shayne,Sundahl,25,female,"Jaywork, John Terence Esq",5614 Public Sq,Normanville,SA,5204,08-8587-1196,0443-386-213,shayne.sundahl@gmail.com,http://www.jayworkjohnterenceesq.com.au
user321,pw321,Ernestine,Paavola,26,male,Northbros Co Divsn Natl Svc,6 E Gloria Switch Rd #96,Yorkrakine,WA,6409,08-1140-6357,0414-354-955,ernestine.paavola@paavola.com.au,http://www.northbroscodivsnnatlsvc.com.au
user322,pw322,Eleonore,Everline,27,female,Psychotherapy Associates,1 Us Highway 206,Kialla East,VI,3631,03-5355-5505,0497-442-813,eeverline@hotmail.com,http://www.psychotherapyassociates.com.au
user323,pw323,Misty,Leriche,28,male,K J N Advertising Inc,5289 Ramblewood Dr,Glen Boughton,QL,4871,07-5486-1002,0414-661-490,mleriche@yahoo.com,http://www.kjnadvertisinginc.com.au
user324,pw324,Na,Hodges,29,female,Automatic Feed Co,5 Aquarium Pl #1,Ongerup,WA,6336,08-8215-1588,0444-777-459,na_hodges@hotmail.com,http://www.automaticfeedco.com.au
user325,pw325,Juan,Knudtson,30,male,Newton Clerk,466 Lincoln Blvd,Clunes,VI,3370,03-9173-6140,0474-730-764,juan@gmail.com,http://www.newtonclerk.com.au
user326,pw326,Gerald,Kloepper,31,female,Pleasantville Finance Dept,42 United Dr,Pierces Creek,QL,4355,07-4297-4607,0437-819-518,gerald@yahoo.com,http://www.pleasantvillefinancedept.com.au
user327,pw327,Desmond,Tarkowski,32,male,Body Part Connection,5920 E Arapahoe Rd,Andergrove,QL,4740,07-6793-5954,0445-121-372,desmond_tarkowski@hotmail.com,http://www.bodypartconnection.com.au
user328,pw328,Tommy,Gennusa,33,female,Cooper And Raley,2 New Brooklyn Rd,Concord West,NS,2138,02-5444-1961,0498-290-826,tommy@hotmail.com,http://www.cooperandraley.com.au
user329,pw329,Adrianna,Poncio,17,male,H T Communications Group Ltd,9 34th Ave #69,Bethania,QL,4205,07-6113-9653,0432-130-553,adrianna@poncio.com.au,http://www.htcommunicationsgroupltd.com.au
user330,pw330,Adaline,Galagher,18,female,Debbie Reynolds Hotel,32716 N Michigan Ave #82,Barooga,NS,3644,02-3225-1954,0416-156-336,adaline.galagher@galagher.com.au,http://www.debbiereynoldshotel.com.au
user331,pw331,Tammi,Schiavi,19,male,"Crew, Robert B Esq",78 Sw Beaverton Hillsdale H,Willetton,WA,6155,08-9707-2679,0425-809-254,tammi.schiavi@hotmail.com,http://www.crewrobertbesq.com.au
user332,pw332,Virgilio,Phay,20,female,Reef Encrustaceans,8494 E 57th St,Stratton,WA,6056,08-8147-9584,0460-368-567,vphay@phay.com.au,http://www.reefencrustaceans.com.au
user333,pw333,Emeline,Sotelo,21,male,Reporters Inc,46 Broadway St,Elimbah,QL,4516,07-7240-6480,0451-790-704,emeline@gmail.com,http://www.reportersinc.com.au
user334,pw334,Marcos,Seniff,22,female,Arizona Equipment Trnsprt Inc,228 S Tyler St,Emerald,VI,3782,03-6340-5010,0464-786-310,marcos_seniff@gmail.com,http://www.arizonaequipmenttrnsprtinc.com.au
user335,pw335,Yuonne,Carabajal,23,male,Hub Manufacturing Company Inc,2714 Beach Blvd,Changerup,WA,6394,08-7432-4632,0470-345-731,ycarabajal@carabajal.com.au,http://www.hubmanufacturingcompanyinc.com.au
user336,pw336,Gladis,Kazemi,24,female,Dippin Flavors,3266 Welsh Rd,Varsity Lakes,QL,4227,07-6444-3666,0444-157-156,gkazemi@kazemi.net.au,http://www.dippinflavors.com.au
user337,pw337,Muriel,Drozdowski,25,male,Harfred Oil Co,1 S Maryland Pky,Durham Downs,QL,4454,07-5686-8088,0473-213-595,muriel_drozdowski@hotmail.com,http://www.harfredoilco.com.au
user338,pw338,Juliann,Dammeyer,26,female,"Wilheim, Kari A Esq",6 De Belier Rue,Bouvard,WA,6210,08-3562-8644,0492-961-209,juliann@gmail.com,http://www.wilheimkariaesq.com.au
user339,pw339,Reiko,Dejarme,27,male,Gilardis Frozen Food,57869 Alemany Blvd,Bentley Dc,WA,6983,08-3733-5261,0414-715-583,rdejarme@dejarme.net.au,http://www.gilardisfrozenfood.com.au
user340,pw340,Verdell,Garness,28,female,Ronald Massingill Pc,39 Plummer St,Thornton,NS,2322,02-6291-7620,0474-367-875,verdell.garness@yahoo.com,http://www.ronaldmassingillpc.com.au
user341,pw341,Arleen,Kane,29,male,"Colosi, Darryl J Esq",78717 Graves Ln,Eagle Farm,QL,4009,07-3476-2066,0430-271-168,arleen.kane@hotmail.com,http://www.colosidarryljesq.com.au
user342,pw342,Launa,Vanauken,30,female,"Tripuraneni, Prabhakar Md",30338 S Dunworth St,Peake,SA,5301,08-9808-2647,0423-125-880,launa@gmail.com,http://www.tripuraneniprabhakarmd.com.au
user343,pw343,Casandra,Gordis,31,male,Carlyle Abstract Co,6 Walnut St,Chippendale,NS,2008,02-5808-6388,0418-327-906,casandra_gordis@gordis.com.au,http://www.carlyleabstractco.com.au
user344,pw344,Julio,Puccini,32,female,Streator Onized Fed Crdt Un,2244 Franquette Ave,Gorokan,NS,2263,02-5632-9914,0452-766-262,julio@gmail.com,http://www.streatoronizedfedcrdtun.com.au
user345,pw345,Alica,Alerte,33,male,Valley Hi Bank,9892 Hernando W,Grevillia,NS,2474,02-6974-7785,0423-831-803,aalerte@alerte.com.au,http://www.valleyhibank.com.au
user346,pw346,Karol,Sarkissian,17,female,Pep Boys Manny Moe & Jack,9296 Prince Rodgers Ave,Chatsworth,NS,2469,02-3490-2407,0419-430-467,ksarkissian@yahoo.com,http://www.pepboysmannymoejack.com.au
user347,pw347,Wava,Ochs,18,male,Knights Inn,9 Chandler Ave #355,Bawley Point,NS,2539,02-1222-7812,0445-285-375,wava.ochs@gmail.com,http://www.knightsinn.com.au
user348,pw348,Felicitas,Gong,19,female,Telcom Communication Center,173 Howard Ave,Weengallon,QL,4497,07-8516-6453,0470-655-661,fgong@gong.com.au,http://www.telcomcommunicationcenter.com.au
user349,pw349,Jamie,Kushnir,20,male,Bell Electric Co,3216 W Wabansia Ave,Tuggeranong Dc,AC,2901,02-4623-8120,0426-830-817,jamie@kushnir.net.au,http://www.bellelectricco.com.au
user350,pw350,Fidelia,Dampier,21,female,Signs Now,947 W Harrison St #640,Dangar Island,NS,2083,02-8035-9997,0478-179-538,fidelia_dampier@gmail.com,http://www.signsnow.com.au
user351,pw351,Kris,Medich,22,male,Chieftain Four Inc,94843 Trabold Rd #59,Shannon,TA,7030,03-6589-2556,0469-243-477,kris.medich@hotmail.com,http://www.chieftainfourinc.com.au
user352,pw352,Lashawna,Filan,23,female,South Carolina State Housing F,8 Lincoln Way W #6698,Greenhills,WA,6302,08-6937-4366,0488-276-458,lashawna.filan@filan.net.au,http://www.southcarolinastatehousingf.com.au
user353,pw353,Lachelle,Andrzejewski,24,male,Lucas Cntrl Systems Prod Deeco,262 Montauk Blvd,Cherrybrook,NS,2126,02-3416-9617,0453-493-910,lachelle.andrzejewski@andrzejewski.com.au,http://www.lucascntrlsystemsproddeeco.com.au
user354,pw354,Katy,Saltourides,25,female,J C S Iron Works Inc,5040 Teague Rd #65,Junee,NS,2663,02-3003-1369,0481-278-876,katy_saltourides@yahoo.com,http://www.jcsironworksinc.com.au
user355,pw355,Bettyann,Fernades,26,male,Lsr Pokorny Schwartz Friedman,54648 Hylan Blvd #883,Tibradden,WA,6532,08-2901-3421,0427-971-504,bettyann@fernades.com.au,http://www.lsrpokornyschwartzfriedman.com.au
user356,pw356,Valda,Levay,47,female,Branom Instrument Co,7463 Elmwood Park Blvd,Tungkillo,SA,5236,08-2401-5672,0434-637-971,vlevay@levay.net.au,http://www.branominstrumentco.com.au
user357,pw357,Lynette,Beaureguard,48,male,"Young, Craig C Md",630 E Plano Pky,Tarawera,QL,4494,07-6679-3722,0417-544-301,lynette.beaureguard@hotmail.com,http://www.youngcraigcmd.com.au
user358,pw358,Victor,Laroia,49,female,Midwest Marketing Inc,166 N Maple Dr,Scotts Head,NS,2447,02-8156-6969,0421-987-667,victor@laroia.net.au,http://www.midwestmarketinginc.com.au
user359,pw359,Pa,Badgero,50,male,"Korolishin, Michael Esq",20 Meadow Ln,Pakenham Upper,VI,3810,03-1861-5074,0480-433-145,pa_badgero@badgero.com.au,http://www.korolishinmichaelesq.com.au
user360,pw360,Dorathy,Miskelly,51,female,Perrysburg Animal Care Inc,73 Robert S,Westerway,TA,7140,03-6340-9772,0432-706-521,dorathy.miskelly@gmail.com,http://www.perrysburganimalcareinc.com.au
user361,pw361,Rodrigo,Schuh,52,male,Hospitality Design Group,512 E Idaho St,Burrier,NS,2540,02-3869-4096,0430-503-397,rodrigo_schuh@gmail.com,http://www.hospitalitydesigngroup.com.au
user362,pw362,Stanford,Waganer,53,female,Ciba Geigy Corp,98021 Harwin Dr,East Nabawa,WA,6532,08-3200-1670,0479-127-500,stanford_waganer@waganer.net.au,http://www.cibageigycorp.com.au
user363,pw363,Michael,Orehek,54,male,"Robinson, Michael C Esq",892 Sw Broadway #8,Millers Point,NS,2000,02-1919-1709,0482-613-598,michael_orehek@gmail.com,http://www.robinsonmichaelcesq.com.au
user364,pw364,Ines,Tokich,17,female,"De Woskin, Alan E Esq",192 N Sheffield Ave,Bunya Mountains,QL,4405,07-5017-7337,0481-799-605,ines_tokich@tokich.net.au,http://www.dewoskinalaneesq.com.au
user365,pw365,Dorinda,Markoff,18,male,Alumi Span Inc,5 Columbia Pike,Mayfield East,NS,2304,02-6529-9317,0412-153-776,dorinda_markoff@hotmail.com,http://www.alumispaninc.com.au
user366,pw366,Clarence,Gabbert,19,female,M C Publishing,35983 Daubert St,Verges Creek,NS,2440,02-4776-1384,0486-302-652,clarence.gabbert@gmail.com,http://www.mcpublishing.com.au
user367,pw367,Omer,Radel,20,male,Phoenix Marketing Rep Inc,678 S Main St,Hill River,WA,6521,08-9919-9540,0439-808-753,omer_radel@radel.net.au,http://www.phoenixmarketingrepinc.com.au
user368,pw368,Winifred,Kingshott,21,female,Remc South Eastern,532 Saint Marks Ct,Marshdale,NS,2420,02-5318-1342,0471-558-187,winifred.kingshott@yahoo.com,http://www.remcsoutheastern.com.au
user369,pw369,Theresia,Salomone,22,male,"Curran, Carol N Esq",1337 N 26th St,Bundall,QL,4217,07-8250-2277,0437-687-429,theresia_salomone@gmail.com,http://www.currancarolnesq.com.au
user370,pw370,Daisy,Kearsey,23,male,Faber Castell Corporation,556 Bernardo Cent,Mount Nasura,WA,6112,08-2127-5977,0455-503-406,dkearsey@yahoo.com,http://www.fabercastellcorporation.com.au
user371,pw371,Aretha,Bodle,24,female,Palmetto Food Equipment Co Inc,9561 Chartres St,Parndana,SA,5220,08-7385-2716,0481-452-729,aretha_bodle@hotmail.com,http://www.palmettofoodequipmentcoinc.com.au
user372,pw372,Bettina,Diciano,25,male,Greater Ky Corp,11999 Main St,Dripstone,NS,2820,02-3566-7608,0472-631-448,bdiciano@diciano.com.au,http://www.greaterkycorp.com.au
user373,pw373,Omega,Mangino,26,female,Kajo 1270 Am Radio,495 Distribution Dr #996,Gnotuk,VI,3260,03-6623-5501,0422-968-757,omega.mangino@hotmail.com,http://www.kajoamradio.com.au
user374,pw374,Dana,Vock,27,male,"Fried, Monte Esq",49 Walnut St,Yarralumla,AC,2600,02-6689-1150,0411-398-917,dana_vock@yahoo.com,http://www.friedmonteesq.com.au
user375,pw375,Naomi,Tuamoheloa,28,female,Dayer Real Estate Group,85 S Washington Ave,Muja,WA,6225,08-6137-1726,0430-962-223,naomi@yahoo.com,http://www.dayerrealestategroup.com.au
user376,pw376,Luis,Yerry,29,male,On Your Feet,72984 W 1st St,Summerhill,TA,7250,03-4492-4927,0490-571-461,luis@hotmail.com,http://www.onyourfeet.com.au
user377,pw377,Dominga,Barchacky,30,female,South Side Machine Works Inc,3 Ridge Rd W #949,Port Flinders,SA,5495,08-3087-9658,0412-225-824,dominga.barchacky@hotmail.com,http://www.southsidemachineworksinc.com.au
user378,pw378,Isreal,Calizo,31,male,Milner Inn,2 Landmeier Rd,Wombeyan Caves,NS,2580,02-3494-3282,0455-472-994,isreal_calizo@gmail.com,http://www.milnerinn.com.au
user379,pw379,Myrtie,Korba,32,female,United Mortgage,82 W Market St,Dartnall,WA,6320,08-3174-2706,0412-679-832,mkorba@hotmail.com,http://www.unitedmortgage.com.au
user380,pw380,Jodi,Naifeh,33,male,"Cahill, Steven J Esq",89 N Himes Ave,Dural,NS,2330,02-6193-5184,0488-646-644,jodi@hotmail.com,http://www.cahillstevenjesq.com.au
user381,pw381,Pearly,Hedstrom,17,female,G Whitfield Richards Co,62296 S Elliott Rd #2,Wandering,WA,6308,08-3412-6699,0460-335-582,pearly@gmail.com,http://www.gwhitfieldrichardsco.com.au
user382,pw382,Aileen,Menez,18,male,"Cuzzo, Michael J Esq",8 S Main St,Manjimup,WA,6258,08-1196-2822,0495-852-298,aileen_menez@menez.net.au,http://www.cuzzomichaeljesq.com.au
user383,pw383,Glory,Carlo,19,female,Swanson Travel,50808 A Pamalee Dr,Grange,QL,4051,07-9265-7183,0490-570-424,glory_carlo@gmail.com,http://www.swansontravel.com.au
user384,pw384,Kathrine,Francoise,20,male,"Jackson, Brian C",30691 Poplar Ave #4,Indented Head,VI,3223,03-8791-9436,0449-461-650,kathrine@yahoo.com,http://www.jacksonbrianc.com.au
user385,pw385,Domingo,Mckale,21,female,Fables Gallery,80968 Armitage Ave,Marla,SA,5724,08-9919-7850,0418-290-707,domingo_mckale@mckale.net.au,http://www.fablesgallery.com.au
user386,pw386,Julian,Laprade,22,male,Forsyth Steel Co,5 Pittsburg St,Mungabunda,QL,4718,07-2627-9976,0419-587-898,jlaprade@laprade.net.au,http://www.forsythsteelco.com.au
user387,pw387,Marylou,Lofts,23,female,"Lally, Lawrence D Esq",812 Berry Blvd #96,Houston,VI,3128,03-1765-4584,0473-727-909,marylou_lofts@lofts.com.au,http://www.lallylawrencedesq.com.au
user388,pw388,Louis,Brueck,24,male,Sassy Lassie Dolls,73 12th St,Larrakeyah,NT,820,08-5228-3628,0471-229-188,louis.brueck@brueck.net.au,http://www.sassylassiedolls.com.au
user389,pw389,Ellsworth,Guenther,25,female,Performance Consulting Grp Inc,27730 American Ave,Docklands,VI,3008,03-2749-1381,0442-173-327,eguenther@hotmail.com,http://www.performanceconsultinggrpinc.com.au
user390,pw390,Wilburn,Lary,26,male,"Padrick, Comer W Jr",72 Park Ave,Gabbadah,WA,6041,08-1042-4275,0431-743-155,wlary@lary.net.au,http://www.padrickcomerwjr.com.au
user391,pw391,Arlie,Borra,27,female,Analytical Laboratories,59215 W 80th St,Morundah,NS,2700,02-1211-3823,0423-740-512,arlie.borra@gmail.com,http://www.analyticallaboratories.com.au
user392,pw392,Alysa,Lehoux,28,male,Signs Of The Times,186 Geary Blvd #923,Trungley Hall,NS,2666,02-1385-3480,0475-366-466,alysa@hotmail.com,http://www.signsofthetimes.com.au
user393,pw393,Marilynn,Herrera,29,female,"Brown, Alan Esq",717 Midway Pl,Tawonga,VI,3697,03-1447-7041,0474-199-825,marilynn.herrera@herrera.net.au,http://www.brownalanesq.com.au
user394,pw394,Scot,Jarva,30,male,Biancas La Petite French Bkry,68 Camden Rd,Kingswood,NS,2550,02-9676-4462,0445-480-672,scot.jarva@jarva.com.au,http://www.biancaslapetitefrenchbkry.com.au
user395,pw395,Adelaide,Ender,31,female,Williams Design Group,175 N Central Ave,Greenslopes,QL,4120,07-7538-5504,0473-505-816,aender@gmail.com,http://www.williamsdesigngroup.com.au
user396,pw396,Jackie,Borchelt,32,male,Community Communication Servs,80896 South Ave,Grovedale,VI,3216,03-8055-8668,0423-545-966,jackie_borchelt@hotmail.com,http://www.communitycommunicationservs.com.au
user397,pw397,Carli,Bame,33,female,Hampton Inn Hotel,6584 S Bascom Ave #371,Elanora,QL,4221,07-5354-7251,0499-207-236,carli@yahoo.com,http://www.hamptoninnhotel.com.au
user398,pw398,Coletta,Thro,17,male,"Hoffman, Carl Esq",64865 Main St,North Fremantle,WA,6159,08-1991-6947,0444-915-799,coletta.thro@thro.net.au,http://www.hoffmancarlesq.com.au
user399,pw399,Katheryn,Lamers,18,female,Sonoco Products Co,62171 E 6th Ave,Fyshwick,AC,2609,02-4885-1611,0497-455-126,katheryn_lamers@gmail.com,http://www.sonocoproductsco.com.au
user400,pw400,Santos,Wisenbaker,19,male,Brattleboro Printing Inc,67729 180th St,Allworth,NS,2425,02-2957-4812,0411-294-588,swisenbaker@wisenbaker.net.au,http://www.brattleboroprintinginc.com.au
user401,pw401,Kimberely,Weyman,20,female,Scientific Agrcltl Svc Inc,7721 Harrison St,Kingsway West,NS,2208,02-7091-8948,0441-151-810,kweyman@weyman.com.au,http://www.scientificagrcltlsvcinc.com.au
user402,pw402,Earlean,Suffern,21,male,Booster Farms,5351 E Thousand Oaks Blvd,Woodford,NS,2463,02-9653-2199,0452-941-575,earlean.suffern@suffern.net.au,http://www.boosterfarms.com.au
user403,pw403,Dannette,Heimbaugh,22,female,Accent Copy Center Inc,5 Carpenter Ave,Breakaway,QL,4825,07-8738-4205,0422-884-614,dannette@gmail.com,http://www.accentcopycenterinc.com.au
user404,pw404,Odelia,Hutchin,23,male,Mccaffreys Supermarket,374 Sunrise Ave,Gorrie,WA,6556,08-9895-1954,0472-399-247,odelia.hutchin@hutchin.com.au,http://www.mccaffreyssupermarket.com.au
user405,pw405,Lina,Schwiebert,24,female,Chemex Labs Ltd,68538 N Bentz St #1451,Koorlong,VI,3501,03-3608-5660,0487-835-113,lina@yahoo.com,http://www.chemexlabsltd.com.au
user406,pw406,Fredric,Johanningmeie,25,male,Galaxie Displays Inc,23 S Orange Ave #55,Wardell,NS,2477,02-1827-1736,0425-214-447,fredric@hotmail.com,http://www.galaxiedisplaysinc.com.au
user407,pw407,Alfreda,Delsoin,26,female,"Harris, Eric C Esq",4373 Washington St,Bongeen,QL,4356,07-7369-8849,0419-246-570,adelsoin@yahoo.com,http://www.harrisericcesq.com.au
user408,pw408,Bernadine,Elamin,27,male,Tarix Printing,61550 S Figueroa St,Waverley,NS,2024,02-1815-8700,0448-195-542,bernadine_elamin@yahoo.com,http://www.tarixprinting.com.au
user409,pw409,Ming,Thaxton,28,female,Chem Aqua,8 N Town East Blvd,Forrest,VI,3236,03-4010-1900,0486-557-304,mthaxton@gmail.com,http://www.chemaqua.com.au
user410,pw410,Gracia,Pecot,29,male,Kern Valley Printing,2452 Bango Rd,Gundaroo,NS,2620,02-8081-3883,0472-903-534,gpecot@hotmail.com,http://www.kernvalleyprinting.com.au
user411,pw411,Yuette,Metevelis,30,female,American Speedy Printing Ctrs,8219 Roswell Rd Ne,North Boyanup,WA,6237,08-4700-8894,0483-854-984,yuette.metevelis@metevelis.net.au,http://www.americanspeedyprintingctrs.com.au
user412,pw412,Yuriko,Kazarian,31,male,Doane Products Company,3 Davis Blvd,Mouroubra,WA,6472,08-1109-5346,0476-877-991,yuriko_kazarian@gmail.com,http://www.doaneproductscompany.com.au
user413,pw413,Hyman,Hegeman,32,female,Jerico Group,1 S Marginal Rd,Flinders University,SA,5042,08-9280-9177,0413-650-821,hyman@hotmail.com,http://www.jericogroup.com.au
user414,pw414,Linette,Summerfield,33,male,Mortenson Broadcasting Co,78 S Robson,Crows Nest,QL,4355,07-7489-7577,0453-580-611,linette.summerfield@hotmail.com,http://www.mortensonbroadcastingco.com.au
user415,pw415,Jospeh,Couzens,17,female,M & M Quality Printing,2749 Van Nuys Blvd,Panmure,VI,3265,03-8451-7537,0452-605-630,jospeh.couzens@couzens.com.au,http://www.mmqualityprinting.com.au
user416,pw416,Anna,Ovit,18,male,Georgia Business Machines,722 E Liberty St,Bygalorie,NS,2669,02-4649-5341,0459-496-184,anna.ovit@hotmail.com,http://www.georgiabusinessmachines.com.au
user417,pw417,Shawnta,Woodhams,19,female,"Leo, Frank M",9 Gunnison St,Oakhurst,NS,2761,02-5770-8546,0410-116-435,shawnta@woodhams.com.au,http://www.leofrankm.com.au
user418,pw418,Ettie,Luckenbach,20,male,S E M A,2902 Edison Dr #278,Mandurah East,WA,6210,08-9378-7021,0424-568-217,ettie@yahoo.com,http://www.sema.com.au
user419,pw419,Chara,Leveston,21,female,Arthur Andersen & Co,72 N Buckeye Ave,Daisy Hill,VI,3465,03-2574-8915,0415-341-310,cleveston@gmail.com,http://www.arthurandersenco.com.au
user420,pw420,Lauran,Huntsberger,22,male,Triangle Engineering Inc,41 E Jackson St,Willetton,WA,6155,08-2704-3706,0476-605-889,lhuntsberger@huntsberger.net.au,http://www.triangleengineeringinc.com.au
user421,pw421,Pansy,Todesco,23,female,"Schmidt, Charles E Jr",684 William St,Tarnagulla,VI,3551,03-3233-4255,0467-468-894,pansy_todesco@gmail.com,http://www.schmidtcharlesejr.com.au
user422,pw422,Georgeanna,Silverstone,24,male,Emess Professional Svces,185 W Guadalupe Rd,Steels Creek,VI,3775,03-7416-6750,0436-793-916,georgeanna@silverstone.net.au,http://www.emessprofessionalsvces.com.au
user423,pw423,Jesus,Liversedge,25,female,"White, Mark A Cpa",18514 E 4th St #8,Broken Head,NS,2481,02-4418-5927,0467-331-796,jesus.liversedge@hotmail.com,http://www.whitemarkacpa.com.au
user424,pw424,Jamey,Tetter,26,male,Vicon Corporation,28 Standiford Ave #6,Bundaberg West,QL,4670,07-6073-5039,0481-690-589,jamey.tetter@gmail.com,http://www.viconcorporation.com.au
user425,pw425,Alberta,Motter,27,female,Turl Engineering Works,33108 S Yosemite Ct,Port Melbourne,VI,3207,03-1248-8221,0491-832-907,alberta_motter@hotmail.com,http://www.turlengineeringworks.com.au
user426,pw426,Ronald,Grube,28,male,Deep Creek Pharmacy,73778 Battery St,Happy Valley,SA,5159,08-3305-5436,0457-126-909,ronald.grube@yahoo.com,http://www.deepcreekpharmacy.com.au
user427,pw427,Tamala,Hickie,29,female,Mister Bagel,351 Crooks Rd,Benambra,VI,3900,03-3695-2399,0432-182-830,tamala_hickie@yahoo.com,http://www.misterbagel.com.au
user428,pw428,Gerry,Mohrmann,30,male,Howard Winig Realty Assocs Inc,8 Glenn Way #3,Brockman,WA,6701,08-1399-2471,0490-947-955,gerry_mohrmann@mohrmann.net.au,http://www.howardwinigrealtyassocsinc.com.au
user429,pw429,Isaiah,Kueter,31,female,"Jordan, Mark D Esq",8 W Virginia St,Amphitheatre,VI,3468,03-3725-6290,0494-282-122,ikueter@kueter.com.au,http://www.jordanmarkdesq.com.au
user430,pw430,Magnolia,Overbough,32,male,Marin Sun Printing,65484 Bainbridge Rd,Penrith,NS,2750,02-7947-2980,0488-624-111,moverbough@overbough.com.au,http://www.marinsunprinting.com.au
user431,pw431,Ngoc,Guglielmina,33,female,"Verde, Louis J Esq",156 Morris St,Darke Peak,SA,5642,08-2264-5559,0490-128-503,ngoc_guglielmina@hotmail.com,http://www.verdelouisjesq.com.au
user432,pw432,Julene,Lauretta,17,male,Convum Internatl Corp,1881 Market St,Mole Creek,TA,7304,03-1036-9594,0451-946-241,julene.lauretta@gmail.com,http://www.convuminternatlcorp.com.au
user433,pw433,Magda,Lindbeck,18,female,Thomas Torto Constr Corp,6 Kings St #4790,Emerald Beach,NS,2456,02-3713-3646,0451-383-562,magda_lindbeck@yahoo.com,http://www.thomastortoconstrcorp.com.au
user434,pw434,Shantell,Lizama,19,male,Astromatic,9787 Dunksferry Rd,Logan Village,QL,4207,07-5346-5917,0459-937-449,shantell.lizama@gmail.com,http://www.astromatic.com.au
user435,pw435,Audria,Piccinich,20,female,Kuhio Photo,13 Blanchard St #996,Coober Pedy,SA,5723,08-9757-2379,0426-175-813,audria.piccinich@gmail.com,http://www.kuhiophoto.com.au
user436,pw436,Nickole,Derenzis,21,male,Lehigh Furn Divsn Lehigh,2 Pompton Ave,Berowra Heights,NS,2082,02-5573-6627,0480-120-597,nderenzis@hotmail.com,http://www.lehighfurndivsnlehigh.com.au
user437,pw437,Grover,Reynolds,22,female,Okon Inc,2867 Industrial Way,Innaloo,WA,6018,08-7785-3040,0447-228-633,grover.reynolds@gmail.com,http://www.okoninc.com.au
user438,pw438,Rocco,Bergstrom,23,male,"Postlewaite, Jack A Esq",850 Warwick Blvd #58,Leeman,WA,6514,08-3987-7521,0457-212-114,rocco@yahoo.com,http://www.postlewaitejackaesq.com.au
user439,pw439,Ethan,Quintero,24,female,Regent Consultants Corp,2 Ellis Rd,East Damboring,WA,6608,08-8280-9492,0488-425-192,ethan_quintero@quintero.com.au,http://www.regentconsultantscorp.com.au
user440,pw440,Glynda,Sanzenbacher,25,male,Hinkson Cooper Weaver Inc,80 Monroe St,Kinglake West,VI,3757,03-1051-7865,0451-639-283,glynda@sanzenbacher.com.au,http://www.hinksoncooperweaverinc.com.au
user441,pw441,Yolande,Scrimsher,26,female,Spclty Fastening Systems Inc,71089 Queens Blvd,Canning Vale,WA,6155,08-2136-2433,0472-691-355,yolande@yahoo.com,http://www.spcltyfasteningsystemsinc.com.au
user442,pw442,Twanna,Sieber,27,male,"Rudolph, William S Cpa",66094 Pioneer Rd,Upper Glastonbury,QL,4570,07-5235-7319,0451-406-157,twanna@yahoo.com,http://www.rudolphwilliamscpa.com.au
user443,pw443,Rosenda,Petteway,28,female,Choo Choo Caboose At Jade Bbq,66 Congress St,Caroline Springs,VI,3023,03-9599-4122,0438-478-951,rosenda@gmail.com,http://www.choochoocabooseatjadebbq.com.au
user444,pw444,Lacey,Francis,29,male,Anthony & Langford,44 105th Ave,Hunchy,QL,4555,07-4119-3981,0415-135-989,lacey.francis@francis.net.au,http://www.anthonylangford.com.au
user445,pw445,Cordie,Meikle,30,female,Shapiro Bag Company,40809 Rockburn Hill Rd,Hamlyn Terrace,NS,2259,02-8727-4906,0441-386-796,cordie.meikle@hotmail.com,http://www.shapirobagcompany.com.au
user446,pw446,Annalee,Graleski,31,male,Lescure Company Inc,9 Green Rd #5877,Darbys Falls,NS,2793,02-6118-8773,0447-563-450,annalee.graleski@hotmail.com,http://www.lescurecompanyinc.com.au
user447,pw447,Dana,Ladeau,32,female,"Higgins, Daniel B Esq",63 W 41st Ave #93,Pinnacle,QL,4741,07-3511-9233,0480-125-331,dana@ladeau.net.au,http://www.higginsdanielbesq.com.au
user448,pw448,Wai,Raddle,33,male,Dot Pitch Electronics,2 Stirrup Dr #4907,Carlsruhe,VI,3442,03-4811-3832,0494-517-582,wai.raddle@raddle.com.au,http://www.dotpitchelectronics.com.au
user449,pw449,Johana,Conquest,17,female,Henri D Kahn Insurance,19 Court St,Paulls Valley,WA,6076,08-6579-7569,0442-561-392,johana@conquest.net.au,http://www.henridkahninsurance.com.au
user450,pw450,Tomas,Fults,18,male,Test Tools Inc,3 Hwy 61 #2491,Mirani,QL,4754,07-1536-4805,0473-757-584,tomas_fults@fults.net.au,http://www.testtoolsinc.com.au
user451,pw451,Karon,Etzler,19,female,Rachmel & Company Cpa Pa,97539 Connecticut Ave Nw #3586,Buckland,TA,7190,03-6698-8416,0432-184-936,karon@hotmail.com,http://www.rachmelcompanycpapa.com.au
user452,pw452,Delbert,Houben,20,male,Hermann Assocs Inc Safe Mart,59 Murray Hill Pky,Mitta Mitta,VI,3701,03-1560-6800,0417-833-905,delbert.houben@hotmail.com,http://www.hermannassocsincsafemart.com.au
user453,pw453,Ashleigh,Rimmer,21,female,Palmer Publications Inc,15 W 11mile Rd,Boat Harbour Beach,TA,7321,03-5354-9557,0467-120-854,ashleigh.rimmer@hotmail.com,http://www.palmerpublicationsinc.com.au
user454,pw454,Nenita,Mckenna,22,male,Southern Imperial Inc,709 New Market St,Botany,NS,1455,02-5059-2649,0419-730-349,nmckenna@yahoo.com,http://www.southernimperialinc.com.au
user455,pw455,Micah,Shear,23,female,United Water Resources Inc,324 Shawnee Mission Pky,Scaddan,WA,6447,08-6270-6829,0432-703-516,mshear@hotmail.com,http://www.unitedwaterresourcesinc.com.au
user456,pw456,Stefany,Figueras,24,male,"Burke, Jonathan H Esq",37 Saint Louis Ave #292,Lenswood,SA,5240,08-2209-8647,0474-975-307,stefany@figueras.net.au,http://www.burkejonathanhesq.com.au
user457,pw457,Rene,Burnsworth,25,female,Nurses Ofr Newborns,80289 Victory Ave #9,Farrell Flat,SA,5416,08-8222-3171,0422-183-541,rene@burnsworth.net.au,http://www.nursesofrnewborns.com.au
user458,pw458,Cary,Orazine,26,male,Para Laboratories,16 Governors Dr Sw,Melrose,SA,5483,08-7718-8495,0419-720-227,cary.orazine@hotmail.com,http://www.paralaboratories.com.au
user459,pw459,Micheal,Ocken,47,female,New Orleans Credit Service Inc,4 E Aven #284,Freemans Waterhole,NS,2323,02-9828-4921,0449-668-295,micheal.ocken@ocken.net.au,http://www.neworleanscreditserviceinc.com.au
user460,pw460,Frederick,Tamburello,48,male,Signs By Berry,262 8th St,Simpsons Bay,TA,7150,03-4800-7102,0466-921-460,frederick.tamburello@hotmail.com,http://www.signsbyberry.com.au
user461,pw461,Burma,Noa,49,female,"Saum, Scott J Esq",79 State Route 35,Ripponlea,VI,3185,03-6438-4586,0448-770-746,burma.noa@gmail.com,http://www.saumscottjesq.com.au
user462,pw462,Cherry,Roh,50,male,"Ulrich, Lawrence M Esq",75 Blackington Ave,North Cascade,WA,6445,08-5175-3585,0476-917-926,cherry_roh@yahoo.com,http://www.ulrichlawrencemesq.com.au
user463,pw463,Gabriele,Frabotta,51,female,Stewart Levine & Davis,6 Abbott Rd,Ensay,VI,3895,03-2689-6049,0460-834-526,gabriele_frabotta@gmail.com,http://www.stewartlevinedavis.com.au
user464,pw464,Clement,Chee,52,male,Bark Eater Inn,5159 Saint Ann St,Golden Point,VI,3451,03-2775-4083,0485-660-179,clement@hotmail.com,http://www.barkeaterinn.com.au
user465,pw465,Beckie,Apodace,53,female,"Reich, Richard J Esq",26 Ripley St #5444,Middle Cove,NS,2068,02-5630-3114,0469-490-273,bapodace@gmail.com,http://www.reichrichardjesq.com.au
user466,pw466,Catrice,Fowlkes,54,male,Kappus Co,39828 Abbott Rd,Waterfront Place,QL,4001,07-9032-5149,0418-429-485,cfowlkes@hotmail.com,http://www.kappusco.com.au
user467,pw467,Richelle,Remillard,17,female,"Terri, Teresa Hutchens Esq",2495 Beach Blvd #557,Buraminya,WA,6452,08-6831-6370,0416-611-806,richelle.remillard@remillard.net.au,http://www.territeresahutchensesq.com.au
user468,pw468,Cherri,Miccio,18,male,Hong Iwai Hulbert & Kawano,3 Bustleton Ave,Balnagowan,QL,4740,07-5626-7937,0476-736-800,cherri_miccio@gmail.com,http://www.hongiwaihulbertkawano.com.au
user469,pw469,Dorethea,Taketa,19,male,Fraser Dante Ltd,7 N 4th St,Lower Cressbrook,QL,4313,07-2209-2731,0436-606-487,dtaketa@taketa.net.au,http://www.fraserdanteltd.com.au
user470,pw470,Barb,Latina,20,female,Die Craft Stamping,1 National Plac #6619,Larrakeyah,NT,820,08-8506-7259,0443-657-148,blatina@hotmail.com,http://www.diecraftstamping.com.au
user471,pw471,Bettye,Meray,21,male,"Sako, Bradley T Esq",248 Academy Rd,Middleton,TA,7163,03-9424-2956,0420-742-142,bmeray@yahoo.com,http://www.sakobradleytesq.com.au
user472,pw472,Sherrell,Sprowl,22,female,Country Comfort,2 State Hwy,Oak Flats,NS,2529,02-4074-4461,0417-795-558,sherrell_sprowl@hotmail.com,http://www.countrycomfort.com.au
user473,pw473,Ruth,Niglio,23,male,Amberley Suite Hotels,6 W Cornelia Ave,Orange Hill,QL,4455,07-5128-8956,0428-843-553,ruth.niglio@hotmail.com,http://www.amberleysuitehotels.com.au
user474,pw474,Alva,Shoulders,24,female,Warren Leadership,461 S Fannin Ave,Welshpool,WA,6106,08-8329-4211,0471-940-163,alva@gmail.com,http://www.warrenleadership.com.au
user475,pw475,Carri,Palaspas,25,male,"Alexander, David T Esq",51255 Tea Town Rd #9,Minnenooka,WA,6532,08-6069-1579,0499-165-889,carri_palaspas@palaspas.net.au,http://www.alexanderdavidtesq.com.au
user476,pw476,Onita,Milbrandt,26,female,Fairfield Inn By Marriott,93 Bloomfield Ave #829,Wagga Wagga South,NS,2650,02-1157-3829,0485-105-744,onita.milbrandt@milbrandt.com.au,http://www.fairfieldinnbymarriott.com.au
user477,pw477,Jessenia,Sarp,27,male,Skyline Lodge & Restaurant,5775 Mechanic St #517,Wansbrough,WA,6320,08-8878-5994,0422-775-760,jsarp@hotmail.com,http://www.skylinelodgerestaurant.com.au
user478,pw478,Tricia,Peressini,28,female,Aviation Design,3 Industrial Blvd,Pintharuka,WA,6623,08-4326-1560,0484-192-990,tperessini@yahoo.com,http://www.aviationdesign.com.au
user479,pw479,Stephaine,Manin,29,male,"Malmon, Alvin S Esq",8202 Cornwall Rd,Eumundi,QL,4562,07-2031-6566,0438-847-885,stephaine_manin@yahoo.com,http://www.malmonalvinsesq.com.au
user480,pw480,Florinda,Gudgel,30,female,Transit Cargo Services Inc,53597 W Clarendon Ave,Halton,NS,2311,02-2501-8301,0444-376-606,fgudgel@gudgel.com.au,http://www.transitcargoservicesinc.com.au
user481,pw481,Marsha,Farnham,31,male,Comfort Inn Of Revere,577 Cleveland Ave,Glenmore Park,NS,2745,02-5402-8024,0470-386-894,marsha@farnham.com.au,http://www.comfortinnofrevere.com.au
user482,pw482,Josefa,Oakland,32,female,Duncan & Associates,259 1st Ave,Mccutcheon,QL,4856,07-5404-6221,0493-826-469,josefa_oakland@oakland.com.au,http://www.duncanassociates.com.au
user483,pw483,Deeann,Nicklous,33,male,Philip Kingsley Trichological,79 Mechanic St,Pimpimbudgee,QL,4615,07-6382-5073,0440-980-784,deeann_nicklous@gmail.com,http://www.philipkingsleytrichological.com.au
user484,pw484,Jeannetta,Vonstaden,17,female,Burlington Homes Of Maine,269 Executive Dr,Ilford,NS,2850,02-8222-9319,0435-530-318,jvonstaden@gmail.com,http://www.burlingtonhomesofmaine.com.au
user485,pw485,Desmond,Amuso,18,male,"Carson, Scott W Esq",79 Runamuck Pl,Caparra,NS,2429,02-1706-8506,0427-106-677,desmond@hotmail.com,http://www.carsonscottwesq.com.au
user486,pw486,Trina,Bakey,19,female,Dewitt Cnty Fed Svngs & Ln,31 Guilford Rd #7904,Duaringa,QL,4712,07-5922-1983,0495-376-112,tbakey@bakey.com.au,http://www.dewittcntyfedsvngsln.com.au
user487,pw487,Ramonita,Picotte,20,male,Art Material Services Inc,504 Steve Dr,Weston,NS,2326,02-4360-8467,0479-654-997,ramonita_picotte@yahoo.com,http://www.artmaterialservicesinc.com.au
user488,pw488,Temeka,Bodine,21,female,Consolidated Manufacturing Inc,407 E 57th Ave,Clunes,NS,2480,02-2581-7479,0452-835-388,temeka.bodine@gmail.com,http://www.consolidatedmanufacturinginc.com.au
user489,pw489,Bea,Iida,22,male,Reliance Credit Union,72 W Ripley Ave,Oakey,QL,4401,07-6984-9278,0493-653-304,bea_iida@iida.net.au,http://www.reliancecreditunion.com.au
user490,pw490,Soledad,Mockus,23,female,Sinclair Machine Products Inc,75 Elm Rd #1190,Barton,AC,2600,02-1291-8182,0444-126-746,soledad_mockus@yahoo.com,http://www.sinclairmachineproductsinc.com.au
user491,pw491,Margurite,Okon,24,male,"Kent, Wendy M Esq",32 Broadway St,Lanena,TA,7275,03-9721-7313,0442-360-982,margurite.okon@hotmail.com,http://www.kentwendymesq.com.au
user492,pw492,Artie,Saine,25,female,"Dixon, Eric D Esq",41 Washington Blvd,Cora Lynn,VI,3814,03-3457-2524,0433-550-202,artie_saine@yahoo.com,http://www.dixonericdesq.com.au
user493,pw493,Major,Studwell,26,male,Wood Sign & Banner Co,5 Buford Hwy Ne #3,Allora,QL,4362,07-1377-6898,0426-784-480,major@gmail.com,http://www.woodsignbannerco.com.au
user494,pw494,Veronika,Buchauer,27,female,"Adkins, Russell Esq",6 Flex Ave,Willow Tree,NS,2339,02-4202-5191,0434-402-895,veronika.buchauer@buchauer.net.au,http://www.adkinsrussellesq.com.au
user495,pw495,Christene,Cisney,28,male,Danform Shoe Stores,21058 Massillon Rd,Keilor Downs,VI,3038,03-3630-2467,0451-465-174,christene@hotmail.com,http://www.danformshoestores.com.au
user496,pw496,Miles,Feldner,29,female,Antietam Cable Television,28465 Downey Ave #4238,Barringun,QL,4490,07-8561-5894,0475-337-188,miles@hotmail.com,http://www.antietamcabletelevision.com.au
user497,pw497,Julio,Mikel,30,male,Lombardi Bros Inc,2803 N Catalina Ave,Pilliga,NS,2388,02-6995-9902,0464-594-316,julio.mikel@mikel.net.au,http://www.lombardibrosinc.com.au
user498,pw498,Aide,Ghera,31,female,Nathaniel Electronics,22 Livingston Ave,Rhodes,NS,2138,02-3738-7508,0443-448-467,aide.ghera@ghera.com.au,http://www.nathanielelectronics.com.au
user499,pw499,Noelia,Brackett,32,male,"Rodriguez, Joseph A Esq",403 Conn Valley Rd,Castletown,WA,6450,08-3773-3770,0454-135-614,noelia@brackett.net.au,http://www.rodriguezjosephaesq.com.au
user500,pw500,Lenora,Delacruz,33,female,"Stilling, William J Esq",5400 Market St,Turill,NS,2850,02-7862-5151,0454-434-110,lenora@delacruz.net.au,http://www.stillingwilliamjesq.com.au
