username,password,first_name,last_name,age,gender,company_name,address,city,county,postal,phone1,phone2,email,web
user1,pw1,Aleshia,Tomkiewicz,20,female,Alan D Rosenburg Cpa Pc,14 Taylor St,St. Stephens Ward,Kent,CT2 7PP,01835-703597,01944-369967,atomkiewicz@hotmail.com,http://www.alandrosenburgcpapc.co.uk
user2,pw2,Evan,Zigomalas,21,male,Cap Gemini America,5 Binney St,Abbey Ward,Buckinghamshire,HP11 2AX,01937-864715,01714-737668,evan.zigomalas@gmail.com,http://www.capgeminiamerica.co.uk
user3,pw3,France,Andrade,22,female,"Elliott, John W Esq",8 Moor Place,East Southbourne and Tuckton W,Bournemouth,BH6 3BE,01347-368222,01935-821636,france.andrade@hotmail.com,http://www.elliottjohnwesq.co.uk
user4,pw4,Ulysses,Mcwalters,23,male,"Mcmahan, Ben L",505 Exeter Rd,Hawerby cum Beesby,Lincolnshire,DN36 5RP,01912-771311,01302-601380,ulysses@hotmail.com,http://www.mcmahanbenl.co.uk
user5,pw5,Tyisha,Veness,24,female,Champagne Room,5396 Forth Street,Greets Green and Lyng Ward,West Midlands,B70 9DT,01547-429341,01290-367248,tyisha.veness@hotmail.com,http://www.champagneroom.co.uk
user6,pw6,Eric,Rampy,25,male,"Thompson, Michael C Esq",9472 Lind St,Desborough,Northamptonshire,NN14 2GH,01969-886290,01545-817375,erampy@rampy.co.uk,http://www.thompsonmichaelcesq.co.uk
user7,pw7,Marg,Grasmick,26,female,Wrangle Hill Auto Auct & Slvg,7457 Cowl St #70,Bargate Ward,Southampton,SO14 3TY,01865-582516,01362-620532,marg@hotmail.com,http://www.wranglehillautoauctslvg.co.uk
user8,pw8,Laquita,Hisaw,27,male,In Communications Inc,20 Gloucester Pl #96,Chirton Ward,Tyne & Wear,NE29 7AD,01746-394243,01590-982428,laquita@yahoo.com,http://www.incommunicationsinc.co.uk
user9,pw9,Lura,Manzella,28,female,Bizerba Usa Inc,929 Augustine St,Staple Hill Ward,South Gloucestershire,BS16 4LL,01907-538509,01340-713951,lura@hotmail.com,http://www.bizerbausainc.co.uk
user10,pw10,Yuette,Klapec,29,male,Max Video,45 Bradfield St #166,Parwich,Derbyshire,DE6 1QN,01903-649460,01933-512513,yuette.klapec@klapec.co.uk,http://www.maxvideo.co.uk
user11,pw11,Fernanda,Writer,30,female,K & R Associates Inc,620 Northampton St,Wilmington,Kent,DA2 7PP,01630-202053,01687-879391,fernanda@writer.co.uk,http://www.krassociatesinc.co.uk
user12,pw12,Charlesetta,Erm,31,male,"Cain, John M Esq",5 Hygeia St,Loundsley Green Ward,Derbyshire,S40 4LY,01276-816806,01517-624517,charlesetta_erm@gmail.com,http://www.cainjohnmesq.co.uk
user13,pw13,Corrinne,Jaret,32,female,Sound Vision Corp,2150 Morley St,Dee Ward,Dumfries and Galloway,DG8 7DE,01625-932209,01642-322954,corrinne_jaret@gmail.com,http://www.soundvisioncorp.co.uk
user14,pw14,Niesha,Bruch,33,male,Rowley/hansell Petetin,24 Bolton St,"Broxburn, Uphall and Winchburg",West Lothian,EH52 5TL,01874-856950,01342-793603,niesha.bruch@yahoo.com,http://www.rowleyhansellpetetin.co.uk
user15,pw15,Rueben,Gastellum,34,female,Industrial Engineering Assocs,4 Forrest St,Weston-Super-Mare,North Somerset,BS23 3HG,01976-755279,01956-535511,rueben_gastellum@gastellum.co.uk,http://www.industrialengineeringassocs.co.uk
user16,pw16,Michell,Throssell,35,male,Weiss Spirt & Guyer,89 Noon St,Carbrooke,Norfolk,IP25 6JQ,01967-580851,01672-496478,mthrossell@throssell.co.uk,http://www.weissspirtguyer.co.uk
user17,pw17,Edgar,Kanne,20,female,"Crowan, Kenneth W Esq",99 Guthrie St,New Milton,Hampshire,BH25 5DF,01326-532337,01666-638176,edgar.kanne@yahoo.com,http://www.crowankennethwesq.co.uk
user18,pw18,Dewitt,Julio,21,male,Rittenhouse Motor Co,7 Richmond St,Parkham,Devon,EX39 5DJ,01253-528327,01241-964675,dewitt.julio@hotmail.com,http://www.rittenhousemotorco.co.uk
user19,pw19,Charisse,Spinello,22,female,Modern Plastics Corp,9165 Primrose St,Darnall Ward,"Yorkshire, South",S4 7WN,01719-831436,01207-428520,charisse_spinello@spinello.co.uk,http://www.modernplasticscorp.co.uk
user20,pw20,Mee,Lapinski,23,male,Galloway Electric Co Inc,9 Pengwern St,Marldon,Devon,TQ3 1SA,01578-287816,01939-815208,mee.lapinski@yahoo.com,http://www.gallowayelectriccoinc.co.uk
user21,pw21,Peter,Gutierres,24,female,Niagara Custombuilt Mfg Co,4410 Tarlton St,Prestatyn Community,Denbighshire,LL19 9EG,01842-767201,01859-648598,peter_gutierres@yahoo.com,http://www.niagaracustombuiltmfgco.co.uk
user22,pw22,Octavio,Salvadore,25,male,Practical Periphrals,6949 Bourne St,Lye and Stourbridge North Ward,West Midlands,DY5 2QP,01552-709248,01743-139456,octavio.salvadore@yahoo.com,http://www.practicalperiphrals.co.uk
user23,pw23,Martha,Teplica,26,female,"Curtin, Patricia M Esq",148 Rembrandt St,Warlingham,Surrey,CR6 9SW,01677-684257,01583-287367,mteplica@teplica.co.uk,http://www.curtinpatriciamesq.co.uk
user24,pw24,Tamesha,Veigel,27,male,"Wilhelm, James E Jr",2200 Nelson St #58,Newport,Isle of Wight,PO30 5AL,01217-342071,01280-786847,tveigel@veigel.co.uk,http://www.wilhelmjamesejr.co.uk
user25,pw25,Tess,Sitra,28,female,Smart Signs,61 Rossett St,Chichester,West Sussex,PO19 1RH,01473-229124,01848-116775,tess_sitra@hotmail.com,http://www.smartsigns.co.uk
user26,pw26,Leonard,Kufner,29,male,Arctic Star Distributing Inc,41 Canning St,Steornabhagh a Deas Ward,Western Isles,HS1 2PZ,01230-623547,01604-718601,lkufner@kufner.co.uk,http://www.arcticstardistributinginc.co.uk
user27,pw27,Svetlana,Tauras,30,female,"Lensbower, Gregory L Esq",8289 Cadogan St,South Ward,North Eart Lincolnshire,DN33 1AU,01781-827317,01509-121140,svetlana_tauras@tauras.co.uk,http://www.lensbowergregorylesq.co.uk
user28,pw28,Pok,Molaison,31,male,Portal Metal Products,211 Hobart St,Newquay,Cornwall,TR7 1LS,01866-248660,01315-284286,pok@yahoo.com,http://www.portalmetalproducts.co.uk
user29,pw29,Augustine,Growcock,32,female,"Lynema, Cliff Cpa",114 Falkland St #8845,Brimpton,Berkshire,RG7 4RF,01541-802635,01926-108010,augustine.growcock@growcock.co.uk,http://www.lynemacliffcpa.co.uk
user30,pw30,Karma,Quarto,33,male,J C S Machinery,1 Birkett St,Shard End Ward,West Midlands,B33 0NH,01857-864722,01307-667811,kquarto@gmail.com,http://www.jcsmachinery.co.uk
user31,pw31,Reed,Weisinger,34,female,"Berick, Joseph G Esq",5147 Blackstone St,Letchworth South West Ward,Hertfordshire,SG6 3LE,01243-678286,01292-297245,reed_weisinger@yahoo.com,http://www.berickjosephgesq.co.uk
user32,pw32,German,Zelaya,35,male,Jackson & Heit Machine Co Inc,7 Shenstone St,Longhill Ward,"Yorkshire, East (North Humbers",HU8 9PZ,01400-269033,01366-210656,german@hotmail.com,http://www.jacksonheitmachinecoinc.co.uk
user33,pw33,Milly,Savidge,36,female,Bridgeway Plan For Health,129 Alexander Pope St,Franche Ward,Hereford and Worcester,DY11 9BW,01702-725589,01421-132652,milly@gmail.com,http://www.bridgewayplanforhealth.co.uk
user34,pw34,Luis,Ear,37,male,Wa Inst For Plcy Studies,2 Birchfield Rd,Whittington,Shropshire,SY11 4PH,01462-648669,01405-648623,luis@hotmail.com,http://www.wainstforplcystudies.co.uk
user35,pw35,Ciara,Cobbley,38,female,Wmgl 101.7 Fm,7523 Kempton Rd,Cockerton West Ward,Darlington,DL3 0JF,01235-647932,01809-443217,ciara_cobbley@hotmail.com,http://www.wmglfm.co.uk
user36,pw36,Alethea,Mould,39,male,"Hughlett, Henry T Jr",6305 Elstow St,Castle Ward,West Sussex,BN12 6PR,01662-114247,01351-868965,alethea@hotmail.com,http://www.hughletthenrytjr.co.uk
user37,pw37,Margurite,Loperfido,40,female,Penrose Place Pharmacy Inc,218 Greenbank Drive,Devizes,Wiltshire,SN10 3DU,01407-866759,01640-661191,mloperfido@gmail.com,http://www.penroseplacepharmacyinc.co.uk
user38,pw38,Vernice,Sperazza,41,male,"Novak, Alan Paul Esq",8921 Forge St,Colnbrook with Poyle,Buckinghamshire,SL3 0PY,01822-563044,01765-519419,vernice@yahoo.com,http://www.novakalanpaulesq.co.uk
user39,pw39,Vicente,Rawicki,42,female,B & S Tool And Cutter Svc Inc,3060 St Ambrose Grove #261,Aldridge Central and South War,West Midlands,WS9 8UR,01327-770774,01286-258121,vicente_rawicki@hotmail.com,http://www.bstoolandcuttersvcinc.co.uk
user40,pw40,Craig,Cua,23,male,"Berry, John M Esq",8388 Bessemer St #5,East Putney Ward,Greater London,SW15 2RP,01483-418969,01818-980469,craig@hotmail.com,http://www.berryjohnmesq.co.uk
user41,pw41,Jenise,Dulle,24,female,"Alden, Michael H Esq",87 Pownall Sq,Sawston,Cambridgeshire,CB22 3BB,01709-854691,01572-193368,jenise.dulle@hotmail.com,http://www.aldenmichaelhesq.co.uk
user42,pw42,Marylin,Cornelison,25,male,Ernest E Heuer & Company Pc,39 Wye St,Wakefield North Ward,West Yorkshire,WF1 1DR,01609-882184,01295-331807,marylin_cornelison@yahoo.com,http://www.ernesteheuercompanypc.co.uk
user43,pw43,Marget,Gunst,26,female,"Frankel, Stephen",2732 Bostock St #1,St. Enoder,Cornwall,TR9 6NJ,01693-310794,01512-975244,mgunst@yahoo.com,http://www.frankelstephen.co.uk
user44,pw44,Annett,Bunselmeyer,27,male,Guynes Design Inc,5562 Fairfield St #847,Ryde,Isle of Wight,PO33 1HH,01891-702579,01333-972244,abunselmeyer@hotmail.com,http://www.guynesdesigninc.co.uk
user45,pw45,Kip,Turziano,28,female,General Appraisal Co,37 Meadow St,Laindon Park Ward,Essex,SS15 6LE,01850-347846,01222-164469,kip.turziano@yahoo.com,http://www.generalappraisalco.co.uk
user46,pw46,Melina,Orizabal,29,male,Sheraton Inn Ocean Front,3 Nevison St,Lymington and Pennington,Hampshire,SO41 1DL,01420-307327,01245-559333,melina@gmail.com,http://www.sheratoninnoceanfront.co.uk
user47,pw47,Tina,Clapham,30,female,Cooper Myers Y Co,5662 William Moult St,Aylesbury,Buckinghamshire,HP21 8PP,01567-296442,01493-245349,tclapham@gmail.com,http://www.coopermyersyco.co.uk
user48,pw48,Luisa,Devereux,31,male,Cash 4 Checks,3 North View #35,Burmantofts and Richmond Hill ,West Yorkshire,LS9 7JH,01607-269930,01334-807355,ldevereux@gmail.com,http://www.cashchecks.co.uk
user49,pw49,Pedro,Aschoff,32,female,Charlotte Chamber,135 Opie St,Howard Town Ward,Derbyshire,SK13 8BB,01386-981141,01823-517315,paschoff@yahoo.com,http://www.charlottechamber.co.uk
user50,pw50,Carrol,Kunimitsu,33,male,Kisc 98 Kiss Fm,1 Askew St,Farnham,Surrey,GU9 9AS,01260-641258,01415-364461,carrol_kunimitsu@yahoo.com,http://www.kisckissfm.co.uk
user51,pw51,Alba,Mosseri,34,female,"Schwartzbard, Gail L Esq",4 Burnall St,Beeston West Ward,Nottinghamshire,NG9 1AE,01543-198690,01231-806535,alba@gmail.com,http://www.schwartzbardgaillesq.co.uk
user52,pw52,Domonique,Sandlin,35,male,Marketing Horizons Inc,95 Denton St,Wollaton West Ward,Nottinghamshire,NG8 2NB,01355-500797,01987-728730,domonique@hotmail.com,http://www.marketinghorizonsinc.co.uk
user53,pw53,Rory,Neufville,36,female,"Brady, Brad J Esq",5 Chadwick St #7,Llangeler Community,Ceredigion,SA44 5HF,01252-621329,01442-700486,rory_neufville@neufville.co.uk,http://www.bradybradjesq.co.uk
user54,pw54,Dustin,Klingaman,37,male,Welders Supply,67 Micawber St,Brockley Ward,Greater London,SE14 6RQ,01712-135466,01523-775781,dklingaman@gmail.com,http://www.welderssupply.co.uk
user55,pw55,Lyndia,Moonshower,38,female,Bomarko Inc,43 Williamson St #7995,Meads Ward,East Sussex,BN20 7HB,01469-300335,01789-132579,lyndia_moonshower@moonshower.co.uk,http://www.bomarkoinc.co.uk
user56,pw56,Jules,Hiltner,39,male,"Benitez, Brigida Esq",5 Howe St,"Broxburn, Uphall and Winchburg",West Lothian,EH52 6NF,01428-343825,01814-878359,jules@yahoo.com,http://www.benitezbrigidaesq.co.uk
user57,pw57,Dong,Kopczynski,40,female,Kennedy Scales Inc,7 Cheapside #9,St. Ive,Cornwall,PL14 5PA,01770-129032,01639-518104,dkopczynski@kopczynski.co.uk,http://www.kennedyscalesinc.co.uk
user58,pw58,Justine,Salta,41,male,Barajas & Bustamante Archl,85 Bridgewater St,Shard End Ward,West Midlands,B34 7BP,01689-253476,01376-851958,justine_salta@yahoo.com,http://www.barajasbustamantearchl.co.uk
user59,pw59,Chantay,Kamens,42,female,Brewster Wallcoverings Co,763 Parkfield Rd,Norton Canes,Staffordshire,WS11 9RH,01823-383806,01245-146126,ckamens@hotmail.com,http://www.brewsterwallcoveringsco.co.uk
user60,pw60,Tequila,Chisum,43,male,Bohs Well Drilling Inc,662 Grove Park,Bulwell Ward,Nottinghamshire,NG6 8RG,01835-634521,01702-946496,tequila.chisum@chisum.co.uk,http://www.bohswelldrillinginc.co.uk
user61,pw61,Maybelle,Consolazio,16,female,"Gavin, Lee W Esq",5410 Lawton St,Treorchy Community,Rhondda Cynon Taff,CF42 6PL,01383-647035,01351-200904,mconsolazio@yahoo.com,http://www.gavinleewesq.co.uk
user62,pw62,Margarett,Bairo,17,male,"Reid, Carleton B Esq",3 August Rd,Maybury and Sheerwater Ward,Surrey,GU21 5QL,01670-813697,01903-424890,margarett@gmail.com,http://www.reidcarletonbesq.co.uk
user63,pw63,Janessa,Noonon,18,female,"Canterbury, Christopher C",476 Starkie St,Westgate Ward,Gloucestershire,GL1 1QW,01472-324699,01841-979075,jnoonon@yahoo.com,http://www.canterburychristopherc.co.uk
user64,pw64,Sol,Cowser,19,male,Omni Mandalay,6448 Tillard St,Conisbrough and Denaby Ward,South Yorkshire,DN12 4JF,01412-528394,01580-134516,sol@gmail.com,http://www.omnimandalay.co.uk
user65,pw65,Louann,Smethers,20,female,Lba Savings Bank,3055 Creswick St,Newbold and Brownsover Ward,Warwickshire,CV21 1LN,01670-234959,01488-872531,louann@gmail.com,http://www.lbasavingsbank.co.uk
user66,pw66,Lindsay,Yadao,21,male,"Lutz, Christopher T Esq",7 Jolliffe St,Middlewich,Cheshire,CW10 9GB,01947-566661,01481-295251,lindsay_yadao@yadao.co.uk,http://www.lutzchristophertesq.co.uk
user67,pw67,Malika,Hanton,22,female,Association Of Art Museum Dir,1175 Greig St,St. Marys Ward,Greater Manchester,M25 0ZN,01532-497454,01705-208145,malika@gmail.com,http://www.associationofartmuseumdir.co.uk
user68,pw68,Stefany,Ferenz,23,male,L & L Sales Co Inc,636 Portland Place,Gresham Ward,Middlesbrough,TS1 4RG,01743-977277,01704-986828,stefany@hotmail.com,http://www.llsalescoinc.co.uk
user69,pw69,Abraham,Cratch,24,female,"Cavuto, John A",41 Benedict St,Aldborough Ward,Greater London,IG2 7QG,01599-245408,01695-305111,acratch@gmail.com,http://www.cavutojohna.co.uk
user70,pw70,Giuseppe,Rohaley,25,male,Pacific Coast Packaging,62 Margaret St,Royal Hospital Ward,Greater London,SW3 4ND,01345-400452,01866-845669,giuseppe@yahoo.com,http://www.pacificcoastpackaging.co.uk
user71,pw71,Kiera,Bassil,26,female,Storm Eye Institute,5152 Sophia St,Woodstock Ward,South Gloucestershire,BS15 8DS,01655-519837,01783-446052,kbassil@bassil.co.uk,http://www.stormeyeinstitute.co.uk
user72,pw72,Wendell,Rubano,27,male,Automation Engrg & Mfg Inc,1 Back Canning St,Dunblane and Bridge of Allan W,Stirling,FK9 4LD,01837-530939,01752-386691,wendell_rubano@hotmail.com,http://www.automationengrgmfginc.co.uk
user73,pw73,Stevie,Stifflemire,28,female,Packaging Corp Of America,9 Gradwell St,Kempshott Ward,Hampshire,RG22 5HA,01262-808399,01411-169215,stevie_stifflemire@stifflemire.co.uk,http://www.packagingcorpofamerica.co.uk
user74,pw74,Yun,Paletta,29,male,"Goe, Douglas E Esq",9205 Upper Hill St,City and Hunslet Ward,West Yorkshire,LS1 5QE,01350-332706,01374-255198,yun_paletta@paletta.co.uk,http://www.goedouglaseesq.co.uk
user75,pw75,Brittani,Thurm,30,female,Burgess Steel Products Corp,9 Horatio St,Ruckinge,Kent,TN26 2PN,01686-306597,01970-890023,bthurm@yahoo.com,http://www.burgesssteelproductscorp.co.uk
user76,pw76,Billy,Venus,31,male,Tipton & Hurst,61 Miriam St,Abbey Road Ward,Greater London,NW8 9BD,01537-356648,01703-435212,billy.venus@yahoo.com,http://www.tiptonhurst.co.uk
user77,pw77,Brynn,Elkan,32,female,A O Hardee & Son Inc,67 Pulford St,Prittlewell Ward,Essex,SS2 6NL,01388-416867,01345-625433,brynn@yahoo.com,http://www.aohardeesoninc.co.uk
user78,pw78,Elroy,Piehler,33,male,"Jonson, Geo D Esq",821 Pembroke Place,Kirkby Stephen,Cumbria,CA17 4RZ,01589-654152,01586-387018,epiehler@piehler.co.uk,http://www.jonsongeodesq.co.uk
user79,pw79,Anisha,Shulick,34,female,Dale Yoder Clu Life Hlth & Bus,3 Alder St,Eaton Park Ward,Stoke-on-Trent,ST2 9AW,01780-704167,01268-233798,ashulick@yahoo.com,http://www.daleyoderclulifehlthbus.co.uk
user80,pw80,Bettina,Kham,35,male,Council Of Cmnty Blood Ctrs,80 Morecambe St,Bishop Auckland,County Durham,DL14 6NG,01355-192668,01340-622388,bettina.kham@kham.co.uk,http://www.councilofcmntybloodctrs.co.uk
user81,pw81,Velda,Mancilla,36,female,"Tremont, Michael A Esq",7866 Renshaw St #283,Falmouth,Cornwall,TR11 4QQ,01823-526645,01368-456268,velda_mancilla@mancilla.co.uk,http://www.tremontmichaelaesq.co.uk
user82,pw82,Marta,Brace,37,male,"Trautman, Eileen Esq",658 Lake St,Malmesbury,Wiltshire,SN16 0XZ,01777-469402,01631-454193,marta.brace@brace.co.uk,http://www.trautmaneileenesq.co.uk
user83,pw83,Juan,Vanwyhe,38,female,Office Service Co,5382 Redfern St,West End Ward,Greater London,W1J 0QH,01961-642757,01728-150282,juan_vanwyhe@gmail.com,http://www.officeserviceco.co.uk
user84,pw84,Lelia,Filion,39,male,Alphabetland Pre School Center,45 Bidder St #38,Town Ward,Greater London,EN1 3HT,01367-136951,01322-715065,lelia.filion@filion.co.uk,http://www.alphabetlandpreschoolcenter.co.uk
user85,pw85,Una,Frankel,40,female,Shamrock Food Service,6766 Britton St #379,Crompton Ward,Greater Manchester,BL1 3EX,01912-749219,01308-356704,ufrankel@hotmail.com,http://www.shamrockfoodservice.co.uk
user86,pw86,Eva,Joulwan,41,male,Central Hrdwr & Elec Corp,7 Lear Rd,Stroud,Hampshire,GU32 3PQ,01779-720349,01961-802899,eva.joulwan@gmail.com,http://www.centralhrdwreleccorp.co.uk
user87,pw87,Mammie,Dormanen,42,female,Matt Parrott & Sons Co,2577 Toxteth St #5,Overton Ward,Lancashire,BB6 7UN,01527-579687,01439-184366,mammie_dormanen@hotmail.com,http://www.mattparrottsonsco.co.uk
user88,pw88,Jeannetta,Coolidge,43,male,Tiny Tots Originals Div,761 Cockerell St #1,Midway Ward,Derbyshire,DE11 0HE,01927-790069,01440-276155,jeannetta_coolidge@gmail.com,http://www.tinytotsoriginalsdiv.co.uk
user89,pw89,Elbert,Drawe,44,female,"Lovitch, Alan F",9 Cypress St,Washington East Ward,Tyne and Wear,NE38 9AQ,01753-784273,01496-526674,edrawe@drawe.co.uk,http://www.lovitchalanf.co.uk
user90,pw90,Lenny,Gazzola,45,male,Wise Industries,6 Romilly St,Walkergate Ward,Tyne and Wear,NE6 4YH,01312-233253,01342-706893,lenny.gazzola@yahoo.com,http://www.wiseindustries.co.uk
user91,pw91,Mira,Alpheaus,46,female,East County Process,51 St Anne St #12,Stratfield Mortimer,Berkshire,RG7 3RA,01241-273991,01381-836777,mira.alpheaus@yahoo.com,http://www.eastcountyprocess.co.uk
user92,pw92,Cathern,Ungar,47,male,Agopgee Enterprises Inc,823 Idris St,Selston,Nottinghamshire,NG16 5LG,01898-134749,01266-671305,cathern.ungar@ungar.co.uk,http://www.agopgeeenterprisesinc.co.uk
user93,pw93,Malcom,Fleckles,48,female,L Winik & Associates Inc,8764 Nickleby St #877,Govan Ward,Glasgow City,G51 1BQ,01478-110943,01937-120539,malcom.fleckles@gmail.com,http://www.lwinikassociatesinc.co.uk
user94,pw94,Monroe,Damato,49,male,"Rosati, Marc D Esq",5344 Bengel St #5,Millwall Ward,Greater London,E14 5DR,01402-733903,01440-164945,mdamato@damato.co.uk,http://www.rosatimarcdesq.co.uk
user95,pw95,Leota,Fletchen,50,female,Rust Evader Corp,8880 Great Howard St #7750,Sefton,Merseyside,L29 7WD,01358-446391,01414-780251,lfletchen@gmail.com,http://www.rustevadercorp.co.uk
user96,pw96,Berry,Gutoski,51,male,Budget Annex,9 Oakleigh,Lancing,West Sussex,BN15 9BN,01448-211489,01929-400879,berry@gmail.com,http://www.budgetannex.co.uk
user97,pw97,Meghan,Riherd,52,female,Kiqo Pure Gold Oldies 104 Fm,83 Denbigh St Bootle,St. Gluvias,Cornwall,TR3 7AZ,01462-474800,01650-129106,meghan@riherd.co.uk,http://www.kiqopuregoldoldiesfm.co.uk
user98,pw98,Mike,Torner,53,male,Segall Majestic Inc,30 Aughton St,Hilton,Aberdeenshire,AB24 2RR,01240-600327,01408-918612,mike_torner@torner.co.uk,http://www.segallmajesticinc.co.uk
user99,pw99,Elsa,Delisle,54,male,Taos Valley Resort Assn,260 Saxon St,Brooklands Ward,Greater Manchester,M33 4BP,01537-525550,01204-471598,elsa_delisle@gmail.com,http://www.taosvalleyresortassn.co.uk
user100,pw100,Linwood,Rosenlof,17,female,Exhibit Crafts Inc,3 Pyramid St,Eccleston Ward,Merseyside,WA10 3BW,01546-942059,01244-769346,linwood.rosenlof@yahoo.com,http://www.exhibitcraftsinc.co.uk
user101,pw101,Latosha,Alexy,18,male,"Laitinen, Stephen B Esq",37 Langham St #948,St. Georges Hill Ward,Surrey,KT13 0AZ,01704-508066,01662-268374,latosha@yahoo.com,http://www.laitinenstephenbesq.co.uk
user102,pw102,Alexia,Meenan,19,female,Herr Foods Inc,94 Villars St,Launcells,Cornwall,EX23 9LG,01560-328739,01270-931388,alexia.meenan@meenan.co.uk,http://www.herrfoodsinc.co.uk
user103,pw103,Graham,Stanwick,20,male,Tiburon Pen Chmbr Commrce Inc,73 Hawkstone St,Renfrew South & Gallowhill War,Dunbartonshire,G52 4YG,01860-191930,01409-786106,gstanwick@gmail.com,http://www.tiburonpenchmbrcommrceinc.co.uk
user104,pw104,Elinore,Fulda,21,female,Agri Business Insurance Agency,123 Sussex St,Astley Bridge Ward,Greater Manchester,BL1 6PY,01457-837447,01403-864306,elinore.fulda@fulda.co.uk,http://www.agribusinessinsuranceagency.co.uk
user105,pw105,Lisbeth,Creecy,22,male,"Gerstenfeld, Gerald F Esq",484 Barry St,Shiney Row Ward,County Durham,DH4 7RG,01931-620849,01825-623398,lcreecy@gmail.com,http://www.gerstenfeldgeraldfesq.co.uk
user106,pw106,Eloisa,Faurote,23,female,"Mcdonald, Michael J Esq",7033 Micawber St,Bintree,Norfolk,NR20 5NQ,01337-695353,01747-999761,eloisa.faurote@hotmail.com,http://www.mcdonaldmichaeljesq.co.uk
user107,pw107,Shawana,Cantua,24,male,Best Western Riverview Inn,33 Vipond St,Woodhall Farm Ward,Hertfordshire,HP2 7JP,01413-348876,01659-621050,shawana@yahoo.com,http://www.bestwesternriverviewinn.co.uk
user108,pw108,Alyssa,Ansbro,25,female,"Berg, Michael D Esq",85 Hero St,Stanhope,County Durham,DL13 2TZ,01632-887825,01585-967862,alyssa_ansbro@gmail.com,http://www.bergmichaeldesq.co.uk
user109,pw109,Kyoko,Mcmillian,26,male,Nature Conservancy,77 Reading St #8,North Tawton,Devon,EX20 2TR,01235-173362,01371-735347,kyoko_mcmillian@gmail.com,http://www.natureconservancy.co.uk
user110,pw110,Terry,Gauthier,27,female,"Walker, Susan S Esq",274 Altcar Ave,Catterick,North Yorkshire,DL10 7NU,01555-550015,01793-749131,tgauthier@yahoo.com,http://www.walkersusansesq.co.uk
user111,pw111,Sena,Langenbach,28,male,Alternative Collection Svc Inc,38 Avondale Rd #79,Kilmersdon,Somerset,BA3 5SJ,01756-678490,01836-695245,sena.langenbach@hotmail.com,http://www.alternativecollectionsvcinc.co.uk
user112,pw112,Cristen,Nesset,29,female,"Johnson, Matthew E Esq",4679 Curzon St,Central Ward,Lancashire,BB5 0SJ,01354-864473,01994-347546,cnesset@nesset.co.uk,http://www.johnsonmattheweesq.co.uk
user113,pw113,Lashawn,Ker,30,male,"Thornsjo, Dale O Esq",13 Nelson Rd,Filwood Ward,Bristol,BS4 1HT,01676-780022,01470-187069,lashawn.ker@gmail.com,http://www.thornsjodaleoesq.co.uk
user114,pw114,Wade,Sovel,31,female,Manhattan Supply Co Deer Pk,2546 Hunter St,Central Buchan Ward,Aberdeenshire,AB53 6YD,01712-978062,01317-960371,wade@hotmail.com,http://www.manhattansupplycodeerpk.co.uk
user115,pw115,Whitney,Tishler,32,male,Clifford Standifer & Mcdowell,77 Mason St #650,Smallbridge and Firgrove Ward,Greater Manchester,OL16 3AW,01224-605237,01948-891701,whitney@gmail.com,http://www.cliffordstandifermcdowell.co.uk
user116,pw116,Deja,Conatser,33,female,Universal Case Co,94 Wakefield St,Lavenham,Suffolk,CO10 9PU,01378-234592,01879-981256,deja.conatser@hotmail.com,http://www.universalcaseco.co.uk
user117,pw117,Earnestine,Casper,17,male,A O J Mfg Corp,529 Stalmine Rd #3680,Saffron Walden,Essex,CB11 4DJ,01807-346103,01260-744622,earnestine_casper@hotmail.com,http://www.aojmfgcorp.co.uk
user118,pw118,Frankie,Marruffo,18,female,Paralegal Personnel,52 Morningside Rd #1,Cilybebyll Community,Neath Port Talbot,SA8 3HE,01295-678319,01966-999493,fmarruffo@gmail.com,http://www.paralegalpersonnel.co.uk
user119,pw119,Paola,Dease,19,male,Sunderland Publishing Co,94 Enid St,Birchington,Kent,CT7 9BG,01333-642646,01419-231768,pdease@gmail.com,http://www.sunderlandpublishingco.co.uk
user120,pw120,Rodrigo,Hawkin,20,female,"Godfroy, William Esq",661 Great Crosshall St,Forth Ward,City of Edinburgh,EH5 2LR,01936-611490,01280-275755,rodrigo@hotmail.com,http://www.godfroywilliamesq.co.uk
user121,pw121,Luther,Alsman,21,male,Crossroads Travel Service Inc,227 Albert Terrace,Belvedere Ward,Greater London,DA17 6EF,01536-639256,01494-500403,luther@gmail.com,http://www.crossroadstravelserviceinc.co.uk
user122,pw122,Casey,Dondero,22,female,Sarrail Lynch & Hall,464 Back Nile St #618,Acton Central Ward,Greater London,W3 6QJ,01728-100333,01862-338494,casey.dondero@hotmail.com,http://www.sarraillynchhall.co.uk
user123,pw123,Ressie,Bontemps,23,male,Typesetters,42 Eastwood St,Walton Ward,Cambridgeshire,PE4 6HB,01996-854517,01616-608138,ressie_bontemps@bontemps.co.uk,http://www.typesetters.co.uk
user124,pw124,Sean,Schurman,24,female,Cooper Electric Supply Co,2877 Grain St,Caversham Ward,Berkshire,RG4 5DE,01773-139510,01423-385669,sean.schurman@schurman.co.uk,http://www.cooperelectricsupplyco.co.uk
user125,pw125,Celestina,Pince,25,male,Mcallister & Murphy Pc,13 Stockdale St #779,Abingdon on Thames,Oxfordshire,OX14 5QH,01763-475078,01434-734867,cpince@pince.co.uk,http://www.mcallistermurphypc.co.uk
user126,pw126,Maira,Karas,26,female,"Blanton, Mary R Attorney",9 Cropper St,Northgate Ward,West Sussex,RH10 1YJ,01582-839217,01927-384903,maira.karas@yahoo.com,http://www.blantonmaryrattorney.co.uk
user127,pw127,Beth,Barbone,27,male,Upper Deck Co,3 Gaskell St,Tynemouth Ward,Tyne and Wear,NE30 2NB,01210-926114,01521-151330,bbarbone@barbone.co.uk,http://www.upperdeckco.co.uk
user128,pw128,Wei,Nobel,28,female,Victory Coating,5221 Royston St,Eccleshall,Staffordshire,ST21 6GA,01912-146880,01608-570699,wei_nobel@hotmail.com,http://www.victorycoating.co.uk
user129,pw129,Melissia,Slotemaker,29,male,Twining Nemia & Steflik,83 St Johns Lane #43,Linlithgow Ward,West Lothian,EH49 7LS,01515-360513,01936-295031,mslotemaker@gmail.com,http://www.twiningnemiasteflik.co.uk
user130,pw130,Letha,Akey,30,female,Jeanettes Drapery & Upholstery,603 Pall Mall,Layton Ward,Lancashire,FY3 8ND,01694-424205,01605-583419,letha_akey@akey.co.uk,http://www.jeanettesdraperyupholstery.co.uk
user131,pw131,Isaac,Semrad,31,male,"Prugh, Pamela J Cpa",76 Dawber St #6,Blackheath Westcombe Ward,Greater London,SE3 7JY,01939-738818,01798-503274,isaac.semrad@semrad.co.uk,http://www.prughpamelajcpa.co.uk
user132,pw132,Kristine,Klipfel,32,female,"Neeley, Gregory W Esq",3380 Alexander St,Moulsham and Central Ward,Essex,CM1 9QQ,01710-435506,01396-935784,kristine.klipfel@yahoo.com,http://www.neeleygregorywesq.co.uk
user133,pw133,Odette,Moussette,33,male,Village Business Center,216 Lissant St #8,Great Dunmow,Essex,CM6 1DQ,01712-248851,01626-260974,odette_moussette@gmail.com,http://www.villagebusinesscenter.co.uk
user134,pw134,Hobert,Panfilov,17,female,"Carlin, Angela G Esq",92 Phythian St #614,Gweek,Cornwall,TR11 5RR,01245-353227,01518-554407,hobert@gmail.com,http://www.carlinangelagesq.co.uk
user135,pw135,Isadora,Mchughes,18,male,Fan Shop,792 Queens Rd,Stretford Ward,Greater Manchester,M32 8LR,01526-145485,01338-403471,isadora.mchughes@mchughes.co.uk,http://www.fanshop.co.uk
user136,pw136,Emily,Pogorelc,19,female,Mccartney Printing Services,5196 York St,Orsett Ward,Essex,SS17 8NS,01416-913482,01439-493163,emily.pogorelc@yahoo.com,http://www.mccartneyprintingservices.co.uk
user137,pw137,Desire,Barresi,20,male,Greater Cinc Schl Empl Crdt Un,428 Kearsley St,Hatton,Warwickshire,CV35 7UA,01819-701096,01970-482055,desire@gmail.com,http://www.greatercincschlemplcrdtun.co.uk
user138,pw138,Rosalind,Stamps,21,female,"Haar, Allen F",8 Chestnut St,Barrowford,Lancashire,BB9 6EW,01918-999052,01736-843257,rosalind.stamps@stamps.co.uk,http://www.haarallenf.co.uk
user139,pw139,Vernell,Connley,22,male,Harmons,998 Roe St #6,Bellingham,Northumberland,NE48 2BX,01954-363885,01585-863534,vernell@hotmail.com,http://www.harmons.co.uk
user140,pw140,Micheline,Mathieson,23,female,Mail Boxes Etc,3 Copenhagen Rd,George St,Aberdeenshire,AB25 3UZ,01857-518738,01247-541211,micheline.mathieson@yahoo.com,http://www.mailboxesetc.co.uk
user141,pw141,Nathan,Outhouse,24,male,Grt Amercn Fed Svngs & Ln Assn,293 Vivian St,South Jesmond Ward,Tyne and Wear,NE2 1EY,01555-702650,01364-499130,nathan.outhouse@gmail.com,http://www.grtamercnfedsvngslnassn.co.uk
user142,pw142,Allene,Burau,25,female,Allied Plastics,8 Barlow St #6,Barlow,Derbyshire,S18 7TH,01731-825958,01260-963065,allene.burau@hotmail.com,http://www.alliedplastics.co.uk
user143,pw143,Julie,Sakshaug,26,male,Newton Clerk,5 Shakspeare St #66,St. Johns Ward,Hereford and Worcester,B61 8HD,01225-180983,01641-570473,julie@gmail.com,http://www.newtonclerk.co.uk
user144,pw144,Francisca,Shuhi,27,female,"Thompson, Chesney Md",7 Carolina St,Bodmin,Cornwall,PL31 1QF,01345-878334,01639-663121,fshuhi@shuhi.co.uk,http://www.thompsonchesneymd.co.uk
user145,pw145,Marisha,Wilcoxon,28,male,Young Door Company,52 Trowbridge St,Knightsbridge and Belgravia Wa,Greater London,SW1X 9HB,01257-461104,01422-891030,marisha.wilcoxon@gmail.com,http://www.youngdoorcompany.co.uk
user146,pw146,Telma,Maraia,29,female,Reliable Yard Service,25 Village St,Elgin City South Ward,Moray,IV30 1SB,01500-649863,01531-881940,telma@maraia.co.uk,http://www.reliableyardservice.co.uk
user147,pw147,Luke,Crete,30,male,M D & W Railway,4 Peach St #5112,Halstead,Kent,TN14 7EF,01375-820236,01268-175772,luke.crete@crete.co.uk,http://www.mdwrailway.co.uk
user148,pw148,Hubert,Mias,31,female,Chuckmaster Co,3614 Old Hall St #604,Fawley,Hampshire,SO45 2PT,01408-965643,01857-225719,hubert.mias@gmail.com,http://www.chuckmasterco.co.uk
user149,pw149,Janella,Altobell,32,male,"Shannon, Paul V Esq",3768 Hey Green Rd,Hartshill,Warwickshire,CV10 0TH,01746-505364,01411-597527,jaltobell@hotmail.com,http://www.shannonpaulvesq.co.uk
user150,pw150,Angelo,Lavista,33,female,Computemp,97 Newlands St,Kensington and Fairfield Ward,Merseyside,L6 9DU,01544-247601,01210-307796,angelo.lavista@gmail.com,http://www.computemp.co.uk
user151,pw151,Tran,Mandiola,17,male,N Rockland Educl Fed Crdt Un,6226 Maitland St,West Bromwich Central Ward,West Midlands,B70 6DR,01609-235350,01957-151083,tran.mandiola@hotmail.com,http://www.nrocklandeduclfedcrdtun.co.uk
user152,pw152,Reynalda,Vanhooser,18,female,A All In One Construction,891 Crocus St,Rowley Ward,West Midlands,B65 8EZ,01951-872658,01350-811035,reynalda@vanhooser.co.uk,http://www.aallinoneconstruction.co.uk
user153,pw153,Salley,Rieger,19,male,Barnett Industries Inc,1 Segrave St,Sutton Trinity Ward,West Midlands,B75 6HJ,01858-162078,01992-655281,salley.rieger@gmail.com,http://www.barnettindustriesinc.co.uk
user154,pw154,Cheryll,Yurich,20,female,Blaineco Structural Movers,666 Moor Place,Shepway South Ward,Kent,ME15 8ST,01780-380120,01494-202350,cheryll_yurich@yurich.co.uk,http://www.blainecostructuralmovers.co.uk
user155,pw155,Crista,Viengxay,21,male,Green Point Savings Bank,1554 Christopher St,Everton Ward,Merseyside,L6 1BG,01976-784016,01584-387727,crista@yahoo.com,http://www.greenpointsavingsbank.co.uk
user156,pw156,Lino,Sutulovich,22,female,Sherpa Corp,55 Margaret Rd,Heaton Ward,"Yorkshire, West",BD9 4DA,01316-590173,01980-890046,lino.sutulovich@gmail.com,http://www.sherpacorp.co.uk
user157,pw157,Galen,Wendorf,23,male,"Russell, Amelia Mosley Esq",8830 Antonio St,Gillingham North Ward,Kent,ME7 1DZ,01220-653456,01420-489285,galen.wendorf@wendorf.co.uk,http://www.russellameliamosleyesq.co.uk
user158,pw158,Gilbert,Langarica,24,female,Inter American Press Assn,82 Sinclair St,Bangor Community,Gwynedd,LL57 1DW,01455-565046,01432-324277,gilbert.langarica@gmail.com,http://www.interamericanpressassn.co.uk
user159,pw159,Whitney,Goossen,25,male,Eagle Newspapers,7568 Atlas St,Butterwick,Lincolnshire,PE22 0HY,01255-383731,01392-955534,whitney.goossen@hotmail.com,http://www.eaglenewspapers.co.uk
user160,pw160,Socorro,Abrahams,26,female,Martin Morrissey,93 Clyde Rd #9,Deepdale Ward,Lancashire,PR1 6TN,01311-567052,01387-779081,socorro_abrahams@abrahams.co.uk,http://www.martinmorrissey.co.uk
user161,pw161,Mauricio,Flam,27,male,"Callender, William C Esq",18 Nimrod St,Walney North Ward,Cumbria,LA14 3SJ,01640-813748,01829-160968,mflam@gmail.com,http://www.callenderwilliamcesq.co.uk
user162,pw162,Phillip,Aloi,28,female,"Duffield, Michael C",6 Cannock St,Scarcroft,West Yorkshire,LS14 3BW,01490-898175,01867-710914,paloi@hotmail.com,http://www.duffieldmichaelc.co.uk
user163,pw163,Gilberto,Erixon,29,male,Advanced Data Systems,2258 Benedict St,Penryn,Cornwall,TR10 8RP,01582-161403,01749-718702,gerixon@gmail.com,http://www.advanceddatasystems.co.uk
user164,pw164,Thad,Puskarich,30,female,"Drubner, Norman S Esq",9302 Ismay St #6,Tenterden,Kent,TN30 6JP,01506-152661,01686-258819,thad_puskarich@puskarich.co.uk,http://www.drubnernormansesq.co.uk
user165,pw165,Bambi,Favaron,31,male,Desktop Center,3347 Lawrence Rd #456,Haverstock Ward,Greater London,NW5 4EU,01676-354943,01588-347636,bambi.favaron@yahoo.com,http://www.desktopcenter.co.uk
user166,pw166,Marshall,Kozikowski,32,female,Viking Lodge,47 Elwy St,Kilpatrick Ward,West Dunbart,G81 6RT,01913-454226,01738-622885,marshall@hotmail.com,http://www.vikinglodge.co.uk
user167,pw167,Chery,Wiederin,33,male,"Rosenkrance, Brent",553 Picton Rd,Astley Mosley Common Ward,Greater Manchester,M29 7AA,01274-659801,01411-236922,cwiederin@yahoo.com,http://www.rosenkrancebrent.co.uk
user168,pw168,Eileen,Montecalvo,17,female,Holiday House Apts,9986 Cantsfield St,St. Peters Ward,Tyne and Wear,SR6 9SD,01904-227024,01278-578708,eileen@yahoo.com,http://www.holidayhouseapts.co.uk
user169,pw169,Melita,Szpak,18,male,Or Draymen & Warehousemans,1 Sussex St,Cyfarthfa Community,Merthyr Tydfil,CF48 1AR,01431-484822,01294-348695,melita.szpak@szpak.co.uk,http://www.ordraymenwarehousemans.co.uk
user170,pw170,Ashley,Jessie,19,female,"Haney, Tom C Md",9548 Ogwen St #84,Baguley Ward,Greater Manchester,M23 9GB,01740-739731,01598-368995,ashley_jessie@jessie.co.uk,http://www.haneytomcmd.co.uk
user171,pw171,Laila,Fend,20,male,Burlington Co Library,57 St Georges Hill,Crawcrook and Greenside Ward,Tyne and Wear,NE40 4LJ,01550-206220,01624-621665,lfend@gmail.com,http://www.burlingtoncolibrary.co.uk
user172,pw172,Bobbie,Guillereault,21,female,Geneva Woods Professional Ctr,385 Upper Hampton St #39,Southey Ward,South Yorkshire,S5 8LL,01496-781616,01606-682963,bguillereault@gmail.com,http://www.genevawoodsprofessionalctr.co.uk
user173,pw173,Dana,Paluszynski,22,male,Chile Pepper Magazine,6378 Lyell St #48,Trossachs and Teith Ward,Stirling,FK21 8TJ,01847-224345,01907-198323,dpaluszynski@paluszynski.co.uk,http://www.chilepeppermagazine.co.uk
user174,pw174,Freida,Newyear,23,female,"Flash, Elena Salerno Esq",675 Falstaff St #170,Chapel-en-le-Frith,Derbyshire,SK23 0QG,01773-691786,01890-803440,freida_newyear@yahoo.com,http://www.flashelenasalernoesq.co.uk
user175,pw175,Val,Cellucci,24,male,Owensboro Brick & Tile,87 Pelops St,Kings Norton Ward,West Midlands,B38 8PL,01387-155607,01488-893833,vcellucci@yahoo.com,http://www.owensborobricktile.co.uk
user176,pw176,Horace,Knapp,25,female,Mouw & Celello Pc,5 Eyes St,Mid and Upper Nithsdale Ward,Dumfries and Galloway,DG4 6LF,01924-556297,01459-140651,horace.knapp@yahoo.com,http://www.mouwcelellopc.co.uk
user177,pw177,Joana,Reinecke,26,male,Visiting Nur Assn Ctrl Jersey,2427 Olney St #7,Amersham,Buckinghamshire,HP6 6JH,01320-402522,01866-827990,jreinecke@reinecke.co.uk,http://www.visitingnurassnctrljersey.co.uk
user178,pw178,Tiara,Schlichter,27,female,C C Industries,805 Westbank Rd,North Heywood Ward,Greater Manchester,OL10 2DU,01270-562265,01769-234788,tiara_schlichter@schlichter.co.uk,http://www.ccindustries.co.uk
user179,pw179,Dacia,Swaisgood,28,male,Nelson & Paulson Chartered,36 Cranmer St #4697,Little Hereford,Shropshire,SY8 4LE,01984-926059,01275-123842,dacia.swaisgood@swaisgood.co.uk,http://www.nelsonpaulsonchartered.co.uk
user180,pw180,Myong,Babineaux,29,female,Capital Thrpy & Spts Medcn Inc,2 Kirkdale Rd,Canning Town North Ward,Greater London,E16 4NF,01897-419567,01801-288675,mbabineaux@babineaux.co.uk,http://www.capitalthrpysptsmedcninc.co.uk
user181,pw181,Gene,Bleile,30,male,Sun Toledo Refinery Co,4687 Atherton St,Springfield Ward,West Midlands,B11 4HB,01257-354396,01546-626491,gene_bleile@bleile.co.uk,http://www.suntoledorefineryco.co.uk
user182,pw182,Kanisha,Difiora,31,female,"Mata, Mario A Esq",513 Bailey St,Bontnewydd Community,Gwynedd,LL54 7UP,01770-697837,01426-535429,kanisha@gmail.com,http://www.matamarioaesq.co.uk
user183,pw183,Ayesha,Moeder,32,male,Meredith Paving Corp,620 Old Leeds St,Sheviock,Cornwall,PL11 3DF,01284-871485,01800-737237,ayesha@gmail.com,http://www.meredithpavingcorp.co.uk
user184,pw184,Lanie,Smalarz,33,female,Philosophical Rsrch Scty Bkstr,5149 Maria Rd,Peterlee,County Durham,SR8 5RL,01218-415062,01279-431606,lanie.smalarz@yahoo.com,http://www.philosophicalrsrchsctybkstr.co.uk
user185,pw185,Jaleesa,Polintan,17,male,New Jersey Tanning Co Inc,8 Taylor St,Shrub End Ward,Essex,CO2 9LW,01507-519053,01973-332478,jpolintan@polintan.co.uk,http://www.newjerseytanningcoinc.co.uk
user186,pw186,Tamekia,Flotow,18,female,All County Inc,588 Venmore St,Twickenham Riverside Ward,Greater London,TW1 2QH,01794-317624,01958-330790,tamekia.flotow@hotmail.com,http://www.allcountyinc.co.uk
user187,pw187,Ula,Otey,19,male,Mail Boxes Etc,1 Newby St,Coleshill,Warwickshire,B46 3LZ,01291-565542,01581-469043,ula@hotmail.com,http://www.mailboxesetc.co.uk
user188,pw188,Rosendo,Ratel,20,female,Elmark Graphics Inc,5588 Lake St #903,Crystal Palace Ward,Greater London,SE19 2TJ,01404-343160,01276-749323,rratel@yahoo.com,http://www.elmarkgraphicsinc.co.uk
user189,pw189,Timmy,Lintner,21,male,Interdependence Associates Inc,9112 Hardwick St,Bowes,County Durham,DL12 9JB,01651-232745,01711-826233,tlintner@hotmail.com,http://www.interdependenceassociatesinc.co.uk
user190,pw190,Zita,Speltz,22,female,Mmm Design Group,2395 Gloucester Pl,Halliwell Ward,Greater Manchester,BL1 6DS,01368-497445,01215-755682,zita_speltz@yahoo.com,http://www.mmmdesigngroup.co.uk
user191,pw191,Aleisha,Lemm,23,male,Pathe Cmptr Cntrl Systems Corp,341 Birchfield St,Wareham St. Martin,Dorset,BH16 6JJ,01341-997268,01864-899304,aleisha.lemm@gmail.com,http://www.pathecmptrcntrlsystemscorp.co.uk
user192,pw192,Naomi,Lavezzo,24,female,Torrefazione Italia Inc,9854 Ranelagh Place,Finedon,Northamptonshire,NN9 5EN,01469-888112,01367-310764,naomi.lavezzo@yahoo.com,http://www.torrefazioneitaliainc.co.uk
user193,pw193,Aretha,Bowling,25,male,"Sawyer, Robert M Esq",8 Nova Scotia,Caerphilly Community,Caerphilly,CF83 3AF,01816-462521,01486-709301,aretha@hotmail.com,http://www.sawyerrobertmesq.co.uk
user194,pw194,Mila,Figuera,26,female,U S Sapporo A Inc,72 Lime Place,Old Newton with Dagworth,Suffolk,IP14 4HG,01300-650262,01573-159208,mila_figuera@yahoo.com,http://www.ussapporoainc.co.uk
user195,pw195,Orville,Zuehl,27,male,"Teti, Louis N Esq",907 Denman St,Crowle and Ealand,North Lincolnshire,DN17 4EN,01998-694754,01752-405851,orville_zuehl@zuehl.co.uk,http://www.tetilouisnesq.co.uk
user196,pw196,Gabriele,Geschke,28,female,Levy Security Consultants Ltd,5 Garfield St #9,Milton Regis Ward,Kent,ME10 2EJ,01404-425588,01902-692529,gabriele@geschke.co.uk,http://www.levysecurityconsultantsltd.co.uk
user197,pw197,Kara,Jaquish,29,male,El Adobe Inn,345 Feltwell Rd,St. Michaels and Wicksteed War,Northamptonshire,NN15 6BB,01691-316298,01503-303797,kara@yahoo.com,http://www.eladobeinn.co.uk
user198,pw198,Kenny,Lin,30,male,Mcmahan Mcmahan & Brinkley,1 Towson St,Howe of Fife and Tay Coast War,Fife,KY14 6AH,01753-900033,01473-417906,kenny@lin.co.uk,http://www.mcmahanmcmahanbrinkley.co.uk
user199,pw199,Vashti,Sugai,31,female,Accurate Engraving Co,4 Candia St #6,Shipston on Stour,Warwickshire,CV36 4HE,01311-723137,01528-551210,vashti@gmail.com,http://www.accurateengravingco.co.uk
user200,pw200,Jordan,Handsaker,32,male,Shirleys Print Shoppe,2 Cherry Lane,Strood South Ward,Kent,ME2 2NJ,01793-443665,01964-984369,jordan_handsaker@gmail.com,http://www.shirleysprintshoppe.co.uk
user201,pw201,Carisa,Degenhardt,33,female,Schwend Signs,7 Britannia Ave #875,Newton-with-Clifton,Lancashire,PR4 3RQ,01911-775929,01913-319581,carisa.degenhardt@degenhardt.co.uk,http://www.schwendsigns.co.uk
user202,pw202,Audrie,Danaher,17,male,K C Products Co,63 Brunswick Sq,Llanelli Rural Community,Carmarthenshire,SA15 5YN,01344-670413,01956-885635,adanaher@yahoo.com,http://www.kcproductsco.co.uk
user203,pw203,Shaunna,Rodamis,18,female,Engelbrecht Ackerman & Hassman,5 Gainsborough Rd,Newington Ward,Greater London,SE1 6EH,01658-509610,01529-959860,shaunna.rodamis@yahoo.com,http://www.engelbrechtackermanhassman.co.uk
user204,pw204,Coleen,Langer,19,male,Valley Prodn Ctr For Vid & Aud,745 Goodall St #9309,Much Wenlock,Shropshire,TF13 6HB,01956-525612,01746-728526,coleen.langer@hotmail.com,http://www.valleyprodnctrforvidaud.co.uk
user205,pw205,Katie,Choinski,20,female,Coastal Technologies,1267 Alderson Rd,Churchdown,Gloucestershire,GL3 2BA,01606-772920,01762-227896,katie@choinski.co.uk,http://www.coastaltechnologies.co.uk
user206,pw206,Dannie,Brau,21,male,Goodfellow Agency,2 Gay St #3702,Werrington South Ward,Cambridgeshire,PE7 2QA,01675-779811,01380-595884,dbrau@brau.co.uk,http://www.goodfellowagency.co.uk
user207,pw207,Ashanti,Donn,22,female,Denticator,3409 Benns Gardens,Hollington Ward,East Sussex,TN38 9NE,01352-599278,01721-697548,adonn@yahoo.com,http://www.denticator.co.uk
user208,pw208,Madalyn,Dubberly,23,male,L & M Industrial Chemicals Inc,1 Lower Burlington St,Northfleet South Ward,Kent,DA11 8RN,01974-720949,01910-745476,madalyn.dubberly@gmail.com,http://www.lmindustrialchemicalsinc.co.uk
user209,pw209,Santos,Signore,24,female,"Gallagher, John J Esq",4706 Chapel Place #5993,Steyning,West Sussex,BN44 3DF,01614-431131,01670-346228,santos@gmail.com,http://www.gallagherjohnjesq.co.uk
user210,pw210,Alyce,Flamino,25,male,"Sadowski, Jeffrey A",4 Mather St,Holbrook Ward,West Midlands,CV6 4BN,01361-927368,01678-781372,alyce@yahoo.com,http://www.sadowskijeffreya.co.uk
user211,pw211,Pearly,Ero,26,female,Rug Gallery,9960 Gilroy Rd,Woodhouse Ward,Greater London,N12 9JT,01329-374051,01408-866700,pero@hotmail.com,http://www.ruggallery.co.uk
user212,pw212,Cherrie,Nitschke,27,male,"Watson, Richard I Md",3 Burnall St,Keighley,West Yorkshire,BD20 6DA,01373-498883,01955-289452,cherrie_nitschke@yahoo.com,http://www.watsonrichardimd.co.uk
user213,pw213,Maia,Shadd,28,female,Pigeon Falls State Bank,8 Bigham Rd,Deal,Kent,CT14 9QJ,01950-708083,01295-412046,maia_shadd@gmail.com,http://www.pigeonfallsstatebank.co.uk
user214,pw214,Edwin,Logghe,29,male,Joseph Victor & Son Inc,950 Gordon St,Heanor and Loscoe,Derbyshire,DE75 7FZ,01366-667615,01627-549610,edwin_logghe@hotmail.com,http://www.josephvictorsoninc.co.uk
user215,pw215,Leigha,Semenza,30,female,Unique Epoxy,784 Juno St #7653,North Horsham,West Sussex,RH12 4GW,01406-216625,01286-731684,lsemenza@yahoo.com,http://www.uniqueepoxy.co.uk
user216,pw216,Walker,Seeger,31,male,Jim Dunnam Builder Inc,69 Chantrey St #90,Hickling,Norfolk,NR12 0YB,01245-616596,01531-463162,walker.seeger@yahoo.com,http://www.jimdunnambuilderinc.co.uk
user217,pw217,Nakita,Rodrigues,32,female,Richard Mulholland Prop Inc,4 Northbrook St #600,Edmonton Green Ward,Greater London,N18 2NF,01679-150583,01607-496390,nakita_rodrigues@gmail.com,http://www.richardmulhollandpropinc.co.uk
user218,pw218,Kattie,Ozane,33,male,"Page, Patricia A Esq",526 Liffey St #759,Westbury,Wiltshire,BA13 3QU,01322-491007,01807-524286,kozane@gmail.com,http://www.pagepatriciaaesq.co.uk
user219,pw219,Lamar,Suite,17,female,T J Boyle & Associates,6301 Dorset Rd,Harefield Ward,Greater London,UB9 6LF,01716-613102,01885-144424,lsuite@yahoo.com,http://www.tjboyleassociates.co.uk
user220,pw220,Juliana,Uken,18,male,Charles S Cavadini Cic,4 Summer Seat Bootle,Moulsecoomb and Bevendean Ward,Brighton and Hove,BN2 4TL,01962-844141,01981-109913,juliana.uken@yahoo.com,http://www.charlesscavadinicic.co.uk
user221,pw221,Chan,Loftin,19,female,Hydrick Law Offices,84 Walton Village,Horfield Ward,Bristol,BS7 0AX,01507-583669,01698-163177,chan@gmail.com,http://www.hydricklawoffices.co.uk
user222,pw222,Delpha,Detamore,20,male,Bilar Tool & Die Inc,8 Tagus St #9814,Cleator Moor,Cumbria,CA25 5EF,01322-480025,01517-750609,delpha.detamore@yahoo.com,http://www.bilartooldieinc.co.uk
user223,pw223,Floyd,Tivis,21,female,Sheplers Western Wear,770 Jamaica St,Penmaenmawr Community,Conwy,LL34 6BH,01882-970809,01838-712829,floyd_tivis@hotmail.com,http://www.sheplerswesternwear.co.uk
user224,pw224,Chantell,Besong,22,male,"Kelly, Mark C",11 Tetlow St,Parsons Green and Walham Ward,Greater London,SW6 4QP,01607-329400,01218-142767,chantell_besong@gmail.com,http://www.kellymarkc.co.uk
user225,pw225,Martin,Fonua,23,female,Aviation Insurance Inc,7642 Ledward St,Cressington Ward,Merseyside,L19 0LN,01919-185409,01921-686016,mfonua@yahoo.com,http://www.aviationinsuranceinc.co.uk
user226,pw226,Hyun,Erdman,24,male,"Hall, Ronald A",1432 Rutland Ave,Uckfield,East Sussex,TN22 9EF,01594-744010,01356-404829,hyun@gmail.com,http://www.hallronalda.co.uk
user227,pw227,Nada,Arey,25,female,Advanced Engineering Assocs,22 Harewood St #95,Acton Trussell and Bednall,Staffordshire,ST17 0RU,01576-627827,01822-753601,nada@hotmail.com,http://www.advancedengineeringassocs.co.uk
user228,pw228,Elizabeth,Pata,26,male,"Hirsch, Henry L Esq",645 Lister Drive,Denwick,Northumberland,NE66 2LQ,01634-662999,01571-674820,elizabeth@gmail.com,http://www.hirschhenrylesq.co.uk
user229,pw229,Dominic,Washmuth,27,female,"Bremer, Duncan S Esq",8977 Old Leeds St #87,Beaminster,Dorset,DT8 3DR,01725-615270,01722-996936,dwashmuth@hotmail.com,http://www.bremerduncansesq.co.uk
user230,pw230,Alise,Packebush,28,male,Wnc Forklift Inc,22 Delamore St,Hereford,Hereford and Worcester,HR1 2EA,01266-695304,01517-702273,alise.packebush@gmail.com,http://www.wncforkliftinc.co.uk
user231,pw231,Flo,Bardsley,29,female,"Hancock, John J Esq",35 Walton Lane,Loughborough Ashby Ward,Leicestershire,LE11 4PF,01983-847833,01418-645161,flo.bardsley@hotmail.com,http://www.hancockjohnjesq.co.uk
user232,pw232,Bonita,Sandblom,30,male,Transbay Steel Corp,22 Kilshaw St,Wimbledon Park Ward,Greater London,SW19 7DT,01989-617161,01723-502274,bsandblom@gmail.com,http://www.transbaysteelcorp.co.uk
user233,pw233,Royal,Rush,31,female,"Severt, Todd D Esq",1 Argyle St,Hyde Werneth Ward,Greater Manchester,SK14 5AR,01934-427282,01809-860488,royal.rush@yahoo.com,http://www.severttodddesq.co.uk
user234,pw234,Erasmo,Talentino,32,male,Active Air Systems,3 Garden Lane,Darton West Ward,South Yorkshire,S75 5JY,01492-454455,01304-185373,erasmo.talentino@hotmail.com,http://www.activeairsystems.co.uk
user235,pw235,Mari,Smeby,33,female,A B E Doors & Windows,4309 Chisenhale St,Rock,Hereford and Worcester,DY14 9XQ,01423-202676,01733-169475,msmeby@gmail.com,http://www.abedoorswindows.co.uk
user236,pw236,Eleonora,Ventry,17,male,"Jackson, Donald M Esq",758 Woodhouse St,Soho Ward,West Midlands,B21 0UE,01966-685595,01762-396161,eleonora@gmail.com,http://www.jacksondonaldmesq.co.uk
user237,pw237,Therese,Shiraki,18,female,Wuhf Fox 31,18 Ouse St,Oakridge and Castlefield Ward,Buckinghamshire,HP11 2PJ,01611-691262,01703-441371,tshiraki@gmail.com,http://www.wuhffox.co.uk
user238,pw238,Rodolfo,Scavuzzo,19,male,Gulf Atlantic Equipment Co Inc,5 Ruskin St,Irvine East Ward,North Ayrshire,KA11 2BP,01576-536794,01501-755479,rodolfo_scavuzzo@yahoo.com,http://www.gulfatlanticequipmentcoinc.co.uk
user239,pw239,Cruz,Fanelli,20,female,"Graham, John A Esq",4565 Blackstock St,Springfields and Trent Vale Wa,Stoke-on-Trent,ST4 5BW,01710-616480,01314-202428,cruz@hotmail.com,http://www.grahamjohnaesq.co.uk
user240,pw240,Arlyne,Dellinger,21,male,"Holzgrafe, Roger E Esq",8361 Cottenham St,Fawley,Hampshire,SO45 1QQ,01907-958462,01821-459979,arlyne.dellinger@yahoo.com,http://www.holzgraferogereesq.co.uk
user241,pw241,Edward,Strejan,22,female,Kaysers Nutrition Center,1267 Audley St,Ise Lodge Ward,Northamptonshire,NN15 5DB,01242-422459,01659-505806,edward_strejan@gmail.com,http://www.kaysersnutritioncenter.co.uk
user242,pw242,Christoper,Sheneman,23,male,"Jones, Brigham P Esq",845 Atherton St,Tatsfield,Kent,TN16 2AR,01455-958797,01732-922087,christoper@gmail.com,http://www.jonesbrighampesq.co.uk
user243,pw243,Melda,Colamarino,24,female,Proctor & Associates Co,150 Margaret Rd,Kings Hill,Kent,ME19 4DT,01879-572287,01708-292140,melda.colamarino@colamarino.co.uk,http://www.proctorassociatesco.co.uk
user244,pw244,Margot,Peay,25,male,"Bork, Terry D Esq",9923 Dinorben St #4838,Childs Hill Ward,Greater London,NW11 8DY,01925-895879,01913-339706,margot.peay@yahoo.com,http://www.borkterrydesq.co.uk
user245,pw245,Gerald,Drozdenko,26,female,Diamond Cbnts Div Wht Cons Ind,186 Craven St #68,Little Ness,Shropshire,SY4 2JX,01593-647422,01210-465236,gdrozdenko@yahoo.com,http://www.diamondcbntsdivwhtconsind.co.uk
user246,pw246,Tomoko,Renno,27,male,Trico Prods Corp,5160 High St #38,Goldsmid Ward,Brighton and Hove,BN3 6EA,01731-573285,01873-329707,tomoko@renno.co.uk,http://www.tricoprodscorp.co.uk
user247,pw247,Mendy,Wassmann,28,female,"Ruello, Joseph F",3833 Sidney Rd,Cherryfield Ward,Merseyside,L32 3XS,01378-845450,01509-540345,mendy.wassmann@wassmann.co.uk,http://www.ruellojosephf.co.uk
user248,pw248,Daryl,Hilcher,29,male,Petaluma Area Chamber Commrce,6267 Greenland St,Wakefield East Ward,West Yorkshire,WF1 4LW,01391-238570,01517-862819,dhilcher@hotmail.com,http://www.petalumaareachambercommrce.co.uk
user249,pw249,Ty,Feeback,30,female,Barnett Travel,14 Landseer Rd,Nith Ward,Dumfries and Galloway,DG1 9SY,01964-503521,01661-450622,tfeeback@gmail.com,http://www.barnetttravel.co.uk
user250,pw250,King,Vanacore,31,male,Sdse Public Tv,30 Seville St,Meads Ward,East Sussex,BN20 7QU,01908-714833,01651-442812,king_vanacore@yahoo.com,http://www.sdsepublictv.co.uk
user251,pw251,Isidra,Varnado,32,female,Howland Machine Corp,79 Chelmsford St,Holywell Community,Flintshire,CH8 7UP,01600-982590,01591-464964,ivarnado@varnado.co.uk,http://www.howlandmachinecorp.co.uk
user252,pw252,Tonja,Driesenga,33,male,First Ozaukee Savings Bank,8 South John St,Lamport,Northamptonshire,NN6 9XW,01683-204727,01384-883931,tdriesenga@driesenga.co.uk,http://www.firstozaukeesavingsbank.co.uk
user253,pw253,Shaquana,Featherston,47,female,General Truck Part & Equipment,50 Townsend St,Chadderton Central Ward,Greater Manchester,OL9 0NS,01641-726098,01327-255886,shaquana@hotmail.com,http://www.generaltruckpartequipment.co.uk
user254,pw254,Gilberto,Feagins,48,male,"Finlay, Joseph B Jr",7643 Campbell St,Penge and Cator Ward,Greater London,BR3 1LT,01304-758732,01315-831243,gfeagins@gmail.com,http://www.finlayjosephbjr.co.uk
user255,pw255,Rex,Faehnle,49,female,"Hering, Glenn Z Esq",371 Oakleigh,Warminster,Wiltshire,BA12 8NR,01955-496773,01529-779988,rfaehnle@faehnle.co.uk,http://www.heringglennzesq.co.uk
user256,pw256,Adolph,Cunningham,50,male,"Moorhead, Bridget Klein Esq",9874 Oakfield Rd,Redhill Ward,Tyne and Wear,SR5 5PT,01731-429712,01252-511174,adolph_cunningham@hotmail.com,http://www.moorheadbridgetkleinesq.co.uk
user257,pw257,Queen,Leader,51,female,Ottumwa Glass Co,6 Princes St,East Kilbride West Ward,South Lanarkshire,G75 8YR,01567-846944,01445-288807,queen_leader@gmail.com,http://www.ottumwaglassco.co.uk
user258,pw258,Rebbecca,Rufenacht,52,male,Ithaca Guitar Works Inc,4190 Seacombe St,Tiffield,Northamptonshire,NN12 8AA,01583-168158,01926-842843,rrufenacht@yahoo.com,http://www.ithacaguitarworksinc.co.uk
user259,pw259,Ardella,Goldrup,53,female,Bedford Books St Martins Prs,3145 Rhyl St,Londesborough,E Riding of Yorkshire,YO43 3QE,01813-786468,01451-433176,ardella.goldrup@goldrup.co.uk,http://www.bedfordbooksstmartinsprs.co.uk
user260,pw260,Dallas,Miyashiro,54,male,Em Building Products Inc,4919 Lime Grove,Whitchurch Urban,Cheshire,SY13 4HB,01356-551432,01752-585779,dallas_miyashiro@miyashiro.co.uk,http://www.embuildingproductsinc.co.uk
user261,pw261,Vivan,Jenious,17,female,Mnpls Arprt Marriott,8 Carolina St,Northgate Ward,West Sussex,RH10 8EZ,01907-573672,01404-240746,vjenious@yahoo.com,http://www.mnplsarprtmarriott.co.uk
user262,pw262,Han,Dzledzic,18,male,Captain Copy,1592 Price St,Ponteland,Northumberland,NE20 9TF,01532-163009,01303-831633,han_dzledzic@hotmail.com,http://www.captaincopy.co.uk
user263,pw263,Emilio,Guitierrez,19,female,Register Printing Co,2 Weller St,Appleton Wiske,North Yorkshire,DL6 2AS,01845-679016,01363-466980,emilio_guitierrez@guitierrez.co.uk,http://www.registerprintingco.co.uk
user264,pw264,Latia,Cos,20,male,Capitol Cadillac Company,18 Thomas St,Barnham,West Sussex,PO22 0JT,01695-303367,01871-192422,lcos@yahoo.com,http://www.capitolcadillaccompany.co.uk
user265,pw265,Lilli,Cureau,21,female,A 1 Plumbers Supply,42 Hey Green Rd,Deepdale Ward,Lancashire,PR1 6TL,01752-399931,01363-139614,lilli@yahoo.com,http://www.aplumberssupply.co.uk
user266,pw266,Maryanne,Siske,22,male,"Levering, Charles B Esq",256 Vesuvius St #159,Stutton with Hazlewood,North Yorkshire,LS24 9UA,01455-447890,01597-966938,maryanne@hotmail.com,http://www.leveringcharlesbesq.co.uk
user267,pw267,Eliz,Strimple,23,female,Karl May General Contractor,82 Denison St #2642,Holyrood Ward,Greater Manchester,M25 1JB,01699-467608,01844-754890,eliz@gmail.com,http://www.karlmaygeneralcontractor.co.uk
user268,pw268,Laura,Gumaer,24,male,C Leasing Company,1779 Bird St,East Sheen Ward,Greater London,SW14 8JZ,01821-208235,01798-839362,laura_gumaer@gmail.com,http://www.cleasingcompany.co.uk
user269,pw269,Leanora,Respicio,25,female,Fire Protection Consultants,99 College St South #1,Byker Ward,Tyne and Wear,NE6 2RX,01564-503370,01694-477023,lrespicio@respicio.co.uk,http://www.fireprotectionconsultants.co.uk
user270,pw270,Sherell,Pomarico,26,male,Kxlt Radio (k 108 Fm),29 Greenleaf St,Llangristiolus Community,Isle of Anglesey,LL62 5HD,01523-372834,01323-831572,spomarico@hotmail.com,http://www.kxltradiokfm.co.uk
user271,pw271,Charlie,Isita,27,male,"Sotorrio, Rene A Esq",39 Hooton Place,"Neilston, Uplawmoor and Newton",East Renfrewshire,G78 3AB,01295-844061,01796-315694,charlie@isita.co.uk,http://www.sotorrioreneaesq.co.uk
user272,pw272,Veronique,Nuckolls,28,female,Cinemax Cable Pay Tv Svce,198 Ranelagh Place,Central Buchan Ward,Aberdeenshire,AB43 6RD,01632-762032,01699-696279,vnuckolls@gmail.com,http://www.cinemaxcablepaytvsvce.co.uk
user273,pw273,Antonio,Villamarin,29,male,Combs Sheetmetal,353 Standish St #8264,Little Parndon and Hare Street,Hertfordshire,CM20 2HT,01559-403415,01388-777812,antonio.villamarin@gmail.com,http://www.combssheetmetal.co.uk
user274,pw274,Louvenia,Kincannon,30,female,"Fineshriber, Marilyn Esq",87 Eldon Place,Read,Lancashire,BB12 7RY,01315-409372,01600-973642,lkincannon@kincannon.co.uk,http://www.fineshribermarilynesq.co.uk
user275,pw275,Roxanne,Hedegore,31,male,"Wallace, Bruce R Esq",592 Catharine St,Blantyre Ward,South Lanarkshire,G72 0RZ,01317-299836,01512-894063,roxanne_hedegore@gmail.com,http://www.wallacebruceresq.co.uk
user276,pw276,Eve,Hoffstot,32,female,Domestic Intrntl Techlgy Ltd,1661 Arrow St,Kirk Hammerton,York,YO26 8DA,01746-129962,01314-564188,eve.hoffstot@yahoo.com,http://www.domesticintrntltechlgyltd.co.uk
user277,pw277,Kenda,Koza,33,male,General Bindery Co Inc,7 Netley St,Custom House Ward,Greater London,E16 3DP,01840-188852,01476-264977,kkoza@koza.co.uk,http://www.generalbinderycoinc.co.uk
user278,pw278,Elden,Mercik,17,female,"Lee, Stan Dvm",7 St Edmonds Rd,Nonington,Kent,CT15 4HH,01539-784239,01550-347724,elden_mercik@mercik.co.uk,http://www.leestandvm.co.uk
user279,pw279,Kami,Ferre,18,male,"Chomsky, Charles Esq",6996 Wrenbury St,Foleshill Ward,West Midlands,CV6 5RS,01775-876516,01542-149965,kami@yahoo.com,http://www.chomskycharlesesq.co.uk
user280,pw280,Selene,Zeng,19,female,Dustbooks,2 Prince Rupert St,West Wickham Ward,Greater London,BR3 6SX,01741-833047,01345-685146,selene@yahoo.com,http://www.dustbooks.co.uk
user281,pw281,Deangelo,Rardon,20,male,Ric Lo Productions Ltd,9970 Clyde Rd,Woodham Ward,Surrey,KT15 3NW,01748-535438,01788-520912,deangelo_rardon@yahoo.com,http://www.ricloproductionsltd.co.uk
user282,pw282,Olen,Ailey,21,female,"Shohet, Grace C Esq",9 Fielding St,Wombourne,Staffordshire,WV5 0BB,01654-865551,01354-169004,olen@gmail.com,http://www.shohetgracecesq.co.uk
user283,pw283,Lanie,Smarsh,22,male,Lbt,555 Ludlow St,Trowbridge,Wiltshire,BA14 9JB,01973-841918,01731-921990,lanie@yahoo.com,http://www.lbt.co.uk
user284,pw284,Lynna,Breheny,23,female,Wky Am 930 Stereo,1 James St #4,St. Andrews Ward,Fife,KY16 9EE,01914-909214,01868-440687,lynna@yahoo.com,http://www.wkyamstereo.co.uk
user285,pw285,Jody,Klitzing,24,male,Dan Dee Belt & Bag Co Inc,3 Byng St #524,Pinhoe Ward,Devon,EX1 3SF,01822-390245,01783-870336,jody_klitzing@hotmail.com,http://www.dandeebeltbagcoinc.co.uk
user286,pw286,Antonio,Glasford,25,female,Saint Thomas Creations,425 Howley St,Gaer Community,Newport,NP20 3DE,01463-409090,01242-318420,antonio_glasford@glasford.co.uk,http://www.saintthomascreations.co.uk
user287,pw287,Merilyn,Scurci,26,male,New York C Liquidators Inc,4041 Virgil St,Headley,Surrey,KT18 6PZ,01770-233355,01617-651554,merilyn_scurci@hotmail.com,http://www.newyorkcliquidatorsinc.co.uk
user288,pw288,Elliott,Kins,27,female,John Noda A Law Ofc Lawrence E,32 High Park St #44,St. Margarets with St. Nichola,Norfolk,PE30 1QE,01727-926540,01422-984862,elliott@gmail.com,http://www.johnnodaalawofclawrencee.co.uk
user289,pw289,Leonie,Devereux,28,male,Mr Bar B Q Inc,88 Vernon St,Dunbar and East Linton Ward,East Lothian,EH42 1SJ,01515-840778,01859-764851,leonie_devereux@gmail.com,http://www.mrbarbqinc.co.uk
user290,pw290,Eulah,Syrop,29,female,Atec,62 Euston St,Bunhill Ward,Greater London,EC1Y 8RT,01666-133305,01295-758471,eulah@syrop.co.uk,http://www.atec.co.uk
user291,pw291,Marsha,Tarry,30,male,Allgood Industries,74 Medlock St,Chorlton Park Ward,Greater Manchester,M20 1JG,01203-684728,01490-554237,marsha.tarry@yahoo.com,http://www.allgoodindustries.co.uk
user292,pw292,Mignon,Luger,31,female,National Lime Association,80 Talbot St,Edgeley and Cheadle Heath Ward,Cheshire,SK3 9RD,01934-252795,01491-473626,mignon@gmail.com,http://www.nationallimeassociation.co.uk
user293,pw293,Tu,Rivet,32,male,Gemini Hats & Accessories Inc,31 Buckingham Ave #3785,Cotham Ward,Bristol,BS6 5SR,01578-744350,01577-559109,tu_rivet@gmail.com,http://www.geminihatsaccessoriesinc.co.uk
user294,pw294,Adelle,Schantini,33,female,Creative Photography Inc,162 Grayson St,Greenlands Ward,Lancashire,FY2 0TD,01624-595660,01938-262356,adelle_schantini@yahoo.com,http://www.creativephotographyinc.co.uk
user295,pw295,Douglass,Fonnesbeck,17,male,"Goodspeed, Paul E Esq",5 Webb St #8,Boothen and Oak Hill Ward,Stoke-on-Trent,ST4 1EB,01305-958705,01591-592334,douglass@fonnesbeck.co.uk,http://www.goodspeedpauleesq.co.uk
user296,pw296,Evette,Mazierski,18,female,Consolidated Aluminum,8092 Firdale Rd,Stoneygate Ward,Leicester,LE5 5RE,01277-740331,01371-832134,emazierski@mazierski.co.uk,http://www.consolidatedaluminum.co.uk
user297,pw297,Geraldo,Okoren,19,male,Guadalajara Bar & Grille,68 Carno St,City and Hunslet Ward,West Yorkshire,LS10 1SJ,01374-376226,01460-792423,gokoren@okoren.co.uk,http://www.guadalajarabargrille.co.uk
user298,pw298,Clarinda,Pelayo,20,female,Tejas Loans,714 Moored St,Trelawnyd and Gwaenysgor Commu,Denbighshire,LL18 6DH,01902-887021,01824-104045,cpelayo@pelayo.co.uk,http://www.tejasloans.co.uk
user299,pw299,Reuben,Mccorrison,21,male,Kyes Tv Channel 5,545 North John St,Cobham and Downside Ward,Surrey,KT11 2HT,01337-407282,01261-922803,reuben.mccorrison@hotmail.com,http://www.kyestvchannel.co.uk
user300,pw300,Yen,Groody,22,female,Daily Advance,21 Pilgrim St,Leighton-Linslade,Bedfordshire,LU7 2NZ,01882-911812,01487-684191,ygroody@groody.co.uk,http://www.dailyadvance.co.uk
user301,pw301,Tanja,Milne,23,male,Austin Periodical Services,9772 Teilo St,Hetton,Tyne and Wear,DH5 0PH,01584-615989,01646-529634,tanja.milne@yahoo.com,http://www.austinperiodicalservices.co.uk
user302,pw302,Jerlene,Holtgrewe,24,female,Granite Construction Co,33 Fonthill Rd,Hodge Hill Ward,West Midlands,B36 8JE,01993-956208,01993-323238,jholtgrewe@yahoo.com,http://www.graniteconstructionco.co.uk
user303,pw303,Almeta,Keehner,25,male,"Hoolahan, Catherine G Esq",3 Ivyleigh,Loundsley Green Ward,Derbyshire,S40 4LW,01291-250423,01221-177854,akeehner@hotmail.com,http://www.hoolahancatherinegesq.co.uk
user304,pw304,Wilda,Brigham,26,female,Morelli Hoskins Ford,501 Sandon Terrace #200,Little Clacton,Essex,CO16 9LZ,01950-109108,01300-561046,wilda@brigham.co.uk,http://www.morellihoskinsford.co.uk
user305,pw305,Remedios,Arlinghaus,27,male,"Miller, Martin M Esq",9 Duckenfield St,Aldbrough,E Riding of Yorkshire,HU11 4QA,01536-498792,01883-435283,remedios.arlinghaus@gmail.com,http://www.millermartinmesq.co.uk
user306,pw306,Margret,Alcazar,28,female,Advantage Title & Escrow Inc,5466 Sedley St,Coatbridge South Ward,North Lanarkshire,ML5 4LJ,01626-590776,01633-731246,margret@alcazar.co.uk,http://www.advantagetitleescrowinc.co.uk
user307,pw307,Denny,Casalenda,29,male,Ringo International Inc,75 Brewster St #453,Redlands Ward,Berkshire,RG1 5EX,01349-134533,01589-277770,dcasalenda@gmail.com,http://www.ringointernationalinc.co.uk
user308,pw308,Carolynn,Atkison,30,female,Dorval Trading Co Ltd,7901 Beech St,St. Helier Ward,Greater London,SM4 5PY,01815-665993,01508-291713,carolynn.atkison@hotmail.com,http://www.dorvaltradingcoltd.co.uk
user309,pw309,Amina,Goulbourne,31,male,Poag Grain Inc,684 Cotswold St,Victoria Ward,Greater London,E9 7NG,01536-114519,01830-969710,amina@yahoo.com,http://www.poaggraininc.co.uk
user310,pw310,Janna,Przybyl,32,female,Southwest Ms Shopg Bag,5 April Rd #13,Wheatley Ward,South Yorkshire,DN1 2TU,01684-628072,01560-680129,jprzybyl@przybyl.co.uk,http://www.southwestmsshopgbag.co.uk
user311,pw311,Emiko,Sayre,33,male,Scott Marlow Agency,8 Village St,Windlesham,Surrey,GU18 5YQ,01660-135336,01348-284404,emiko.sayre@yahoo.com,http://www.scottmarlowagency.co.uk
user312,pw312,In,Muns,17,female,Nursefinders,7 Haddock St #34,Saint Annes on the Sea,Lancashire,FY8 3TF,01574-363346,01381-491881,in_muns@muns.co.uk,http://www.nursefinders.co.uk
user313,pw313,Eleni,Vanscoik,18,male,"Simpson, Fred B Esq",9 Mather St,Sutton Vesey Ward,West Midlands,B73 6HH,01208-373467,01628-638196,eleni_vanscoik@gmail.com,http://www.simpsonfredbesq.co.uk
user314,pw314,Kandis,Alsbury,19,female,Fast Cash,70 Rose Vale,Reydon,Suffolk,IP18 6PE,01797-837270,01651-807856,kalsbury@hotmail.com,http://www.fastcash.co.uk
user315,pw315,Kina,Saltman,20,male,Mitchell Silliman Co Inc,29 Oregon St,Ruddington,Nottinghamshire,NG11 6JT,01515-506025,01788-849591,kina_saltman@gmail.com,http://www.mitchellsillimancoinc.co.uk
user316,pw316,Jacki,Sterback,21,female,"Praver, David L Esq",15 East Albert Rd,Kingston Bagpuize with Southmo,Oxfordshire,OX13 5AW,01820-396117,01935-736077,jacki.sterback@gmail.com,http://www.praverdavidlesq.co.uk
user317,pw317,Fallon,Kerfoot,22,male,"Rotenstreich, H Andrew Esq",3186 Naylor St,Manor Castle Ward,South Yorkshire,S2 1HP,01538-649750,01505-472052,fallon.kerfoot@gmail.com,http://www.rotenstreichhandrewesq.co.uk
user318,pw318,Precious,Brabble,23,female,Sigmacom Corporation,9 Herbert St #77,Shenley,Hertfordshire,WD7 9AQ,01687-288043,01800-154821,precious_brabble@brabble.co.uk,http://www.sigmacomcorporation.co.uk
user319,pw319,Glory,Ona,24,male,Real Isle Properties,9830 Croxteth Rd,Pontefract North Ward,West Yorkshire,WF8 3YR,01469-868357,01535-699216,glory_ona@gmail.com,http://www.realisleproperties.co.uk
user320,pw320,Tamesha,Tyburski,25,female,"Liss, Amy Esq",1054 Gladys St,Bellshill Ward,North Lanarkshire,ML4 3EJ,01954-979729,01834-599647,tamesha.tyburski@gmail.com,http://www.lissamyesq.co.uk
user321,pw321,Brande,Cutlip,26,male,Real Estate Appraisals Inc,921 Douro St #1520,Rhoose Community,Vale of Glamorgan,CF62 3HN,01947-472569,01502-230191,bcutlip@yahoo.com,http://www.realestateappraisalsinc.co.uk
user322,pw322,Olene,Skubis,27,female,"Luby, Joseph K Esq",180 Frodsham St,Grovehill Ward,Hertfordshire,HP2 7BD,01250-453315,01805-925115,olene_skubis@yahoo.com,http://www.lubyjosephkesq.co.uk
user323,pw323,Carey,Marchetta,28,male,New River Tire Company Inc,7217 Edge Grove,Sharston Ward,Greater Manchester,M22 4ZB,01750-379103,01498-699971,cmarchetta@hotmail.com,http://www.newrivertirecompanyinc.co.uk
user324,pw324,Launa,Torez,29,female,"Farber, Mindy Esq",12 Gelling St,Trossachs and Teith Ward,Stirling,FK16 6DU,01670-547878,01919-422541,launa.torez@yahoo.com,http://www.farbermindyesq.co.uk
user325,pw325,Dominga,Whitrock,30,male,"Nohr, Katharine M Esq",763 Roscoe St,Lobley Hill and Bensham Ward,Tyne and Wear,NE11 0AN,01341-700830,01382-638017,dominga@whitrock.co.uk,http://www.nohrkatharinemesq.co.uk
user326,pw326,Dwight,Belyea,31,female,Skuttle Mfg Co,419 St Andrew St,Tibberton,Hereford and Worcester,WR9 7NS,01822-404490,01498-287540,dbelyea@belyea.co.uk,http://www.skuttlemfgco.co.uk
user327,pw327,Cornell,Mccrossin,32,male,"Cheek, John D Esq",623 Cornhill,Stretton,Staffordshire,DE13 0DH,01608-748971,01279-418098,cornell.mccrossin@mccrossin.co.uk,http://www.cheekjohndesq.co.uk
user328,pw328,Alverta,Topete,33,female,National Catholic Reporter,328 Havelock St #61,Addlestone Bourneside Ward,Surrey,KT15 2NL,01685-141932,01665-348077,alverta.topete@gmail.com,http://www.nationalcatholicreporter.co.uk
user329,pw329,Felicia,Claybrooks,17,male,Strescon Industries Inc,1056 College St South,Chester-le-Street North and Ea,County Durham,DH2 2JZ,01722-395799,01451-992860,felicia@claybrooks.co.uk,http://www.stresconindustriesinc.co.uk
user330,pw330,Carmen,Gillham,18,female,"Norda, Beth Dorsey Esq",11 Denison St #7,Orford Ward,Cheshire,WA2 9QB,01692-491267,01417-973243,carmen@hotmail.com,http://www.nordabethdorseyesq.co.uk
user331,pw331,Ashlee,Beyl,19,male,Indiana Electronics Corp,30 Daulby St,Brympton,Somerset,BA20 2EJ,01832-837946,01605-854121,ashlee.beyl@hotmail.com,http://www.indianaelectronicscorp.co.uk
user332,pw332,Vannessa,Land,20,female,Port Delivery Systems,201 Bran St,Ashford Common Ward,Surrey,TW15 2AJ,01206-207771,01553-402712,vannessa.land@yahoo.com,http://www.portdeliverysystems.co.uk
user333,pw333,Patti,Rempel,21,male,"Meder, Randy F Cpa",1346 Vandyke St,Hove Park Ward,Brighton and Hove,BN3 6NS,01539-157435,01334-638031,patti@rempel.co.uk,http://www.mederrandyfcpa.co.uk
user334,pw334,German,Meyerhoff,22,female,S M Copiers,883 Howe St,Clayton-le-Moors Ward,Lancashire,BB5 5TJ,01790-887225,01808-674829,german@meyerhoff.co.uk,http://www.smcopiers.co.uk
user335,pw335,Anika,Marse,23,male,Milton Terry Associates,231 Wordsworth St,Harrow Weald Ward,Greater London,HA3 6TH,01942-654793,01654-746253,anika@marse.co.uk,http://www.miltonterryassociates.co.uk
user336,pw336,Cristina,Marola,24,female,Pro Img Mktng & Pub Rel Inc,2449 Amberly St #6364,Temple Newsam Ward,West Yorkshire,LS15 0PQ,01264-145506,01538-230493,cmarola@gmail.com,http://www.proimgmktngpubrelinc.co.uk
user337,pw337,Lemuel,Allis,25,male,Computer Security Cnslnts Inc,8430 Shadwell St,Great Barr with Yew Tree Ward,West Midlands,WS5 4SU,01580-252868,01704-416123,lemuel_allis@yahoo.com,http://www.computersecuritycnslntsinc.co.uk
user338,pw338,Joaquin,Hysom,26,female,Sport Toyota,115 Lister Rd,Barnfield Ward,Lancashire,BB5 2EY,01616-548910,01475-223867,jhysom@gmail.com,http://www.sporttoyota.co.uk
user339,pw339,Kerrie,Makuch,27,male,Kinkos Copies,7855 Sir Thomas St #7499,Calstock,Cornwall,PL17 8AR,01854-749084,01966-883088,kmakuch@gmail.com,http://www.kinkoscopies.co.uk
user340,pw340,Alaine,Raterman,28,female,Putnam Co Inc,1 Milton St,Little Missenden,Buckinghamshire,HP16 0DH,01927-151413,01525-172423,alaine@hotmail.com,http://www.putnamcoinc.co.uk
user341,pw341,Shannon,Kobayashi,29,male,Hungs,1111 Nesfield St,Tonge with the Haulgh Ward,Greater Manchester,BL2 2SU,01620-435994,01436-122588,shannon@yahoo.com,http://www.hungs.co.uk
user342,pw342,Corinne,Holman,30,female,Herculite Mason Supply Inc,1831 Richards St #8,Berkhamsted,Hertfordshire,HP4 2AF,01933-753592,01857-675359,corinne@holman.co.uk,http://www.herculitemasonsupplyinc.co.uk
user343,pw343,Heidy,Hallford,31,male,New England Die Co Inc,8054 Low Hill,Prestbury,Gloucestershire,GL52 3BY,01958-748582,01753-105955,hhallford@hotmail.com,http://www.newenglanddiecoinc.co.uk
user344,pw344,Marylyn,Shonerd,32,female,Barker Electronics,7252 Dansie St,East Finchley Ward,Greater London,N2 9JL,01721-694690,01449-123164,marylyn_shonerd@yahoo.com,http://www.barkerelectronics.co.uk
user345,pw345,Maryln,Mortenson,33,male,"Mullins, Glen Esq",76 Paulton St,Lancaster Gate Ward,Greater London,W2 3JT,01618-628525,01421-574935,maryln@gmail.com,http://www.mullinsglenesq.co.uk
user346,pw346,Pearlie,Flori,17,female,Marine Safety International,4 Cochrane St,Iwade,Kent,ME9 8UJ,01235-935599,01583-844244,pearlie_flori@gmail.com,http://www.marinesafetyinternational.co.uk
user347,pw347,Nina,Yaklin,18,male,Ramm Metals Inc,5679 Gloucester Pl,Calton Ward,Dunbartonshire,G40 4BH,01434-621318,01370-171283,nyaklin@hotmail.com,http://www.rammmetalsinc.co.uk
user348,pw348,Vivienne,Torrain,19,female,Finley Colmer & Co,45 Ledward St,Wilsden,West Yorkshire,BD15 0NJ,01782-100832,01377-242360,vivienne@hotmail.com,http://www.finleycolmerco.co.uk
user349,pw349,Jacob,Kippel,20,male,Acc Automation Inc,4 Monmouth Rd,Llwyn-y-Pia Community,Rhondda Cynon Taff,CF40 2JJ,01550-463222,01567-215689,jacob.kippel@yahoo.com,http://www.accautomationinc.co.uk
user350,pw350,Tula,Nahmias,21,female,"Anstoetter, Mark D Esq",64 Croyland St,Clackmannanshire South Ward,Clackmannanshire,FK10 2LA,01846-815511,01320-223056,tnahmias@nahmias.co.uk,http://www.anstoettermarkdesq.co.uk
user351,pw351,Berry,Scandalis,22,male,American Fine Foods Inc,4 Vivian St,Corporation Park Ward,Lancashire,BB2 6LB,01379-603039,01375-150068,berry.scandalis@gmail.com,http://www.americanfinefoodsinc.co.uk
user352,pw352,Kaycee,Carsten,23,female,Dohn Law Offices Inc Ps,35 Dublin St,Cirencester,Gloucestershire,GL7 2EY,01270-893129,01837-463418,kaycee.carsten@gmail.com,http://www.dohnlawofficesincps.co.uk
user353,pw353,Melvin,Setter,24,male,Rex Internatl,87 Pickup St,Franche Ward,Hereford and Worcester,DY10 2ZQ,01401-151569,01938-566719,melvin_setter@setter.co.uk,http://www.rexinternatl.co.uk
user354,pw354,Brianne,Matsumura,25,female,Bender & Associates,7 Cottenham St,Mossend and Holytown Ward,North Lanarkshire,ML1 4TD,01519-417660,01979-425319,brianne@matsumura.co.uk,http://www.benderassociates.co.uk
user355,pw355,Eugene,Pelzer,26,male,Fashion Corner Inc,622 Holmes St,Heath Town Ward,Staffordshire,WV10 0AW,01839-920108,01413-591144,eugene_pelzer@gmail.com,http://www.fashioncornerinc.co.uk
user356,pw356,Margery,Rohrs,47,female,C G Mccullough Insurance Agcy,40 Peters Lane,Long Preston,North Yorkshire,BD23 4NF,01634-340524,01933-273913,margery@hotmail.com,http://www.cgmcculloughinsuranceagcy.co.uk
user357,pw357,Noel,Sarra,48,male,Orkin Exterminating Co Inc,2 Cockburn St,Seaham,County Durham,SR7 0AR,01868-736780,01874-679913,nsarra@gmail.com,http://www.orkinexterminatingcoinc.co.uk
user358,pw358,Beula,Lingo,49,female,Bauer Coatings,65 Oban Rd,St. Austell,Cornwall,PL25 5AH,01322-144392,01525-977834,beula_lingo@yahoo.com,http://www.bauercoatings.co.uk
user359,pw359,Sheridan,Mckenize,50,male,Word & Image Workshop Inc,31 Davy St,Aveton Gifford,Devon,TQ7 4NF,01512-765064,01776-874349,sheridan.mckenize@hotmail.com,http://www.wordimageworkshopinc.co.uk
user360,pw360,Dino,Meinert,51,female,Container Decorating Inc,80 Ellerslie Rd,Trotton with Chithurst,West Sussex,GU31 5JN,01802-634391,01636-635483,dino.meinert@yahoo.com,http://www.containerdecoratinginc.co.uk
user361,pw361,Rebbeca,Rubinstein,52,male,"Cullen, Jack J Esq",4 Sherwood St,Speke-Garston Ward,Merseyside,L24 6SH,01708-724957,01862-469721,rebbeca_rubinstein@hotmail.com,http://www.cullenjackjesq.co.uk
user362,pw362,Celia,Reisling,53,female,Bridger Valley General Store,8362 Whithorn St,Leatherhead South Ward,Surrey,KT22 8AP,01309-159593,01299-509105,celia.reisling@hotmail.com,http://www.bridgervalleygeneralstore.co.uk
user363,pw363,Stefania,Weatherwax,54,male,Robert Vance Ltd,25 Dale St #2,Kirkintilloch East and Twechar,East Dunbartonshire,G66 3LX,01698-705920,01879-295373,sweatherwax@yahoo.com,http://www.robertvanceltd.co.uk
user364,pw364,Leah,Luchterhand,17,female,Safeguard Chemical Corp,68 Scotland Place,Loughborough Hastings Ward,Leicestershire,LE11 2NX,01777-851028,01615-475126,leah@hotmail.com,http://www.safeguardchemicalcorp.co.uk
user365,pw365,Billy,Selma,18,male,Taylor Inn,338 Alfonso Rd,Alphington Ward,Devon,EX2 8LL,01270-345115,01907-239135,billy.selma@yahoo.com,http://www.taylorinn.co.uk
user366,pw366,Doug,Lucore,19,female,"Barr, Albert S Iii",65 Rankin St,Woodford cum Membris,Northamptonshire,NN11 3QR,01943-467489,01744-123819,dlucore@yahoo.com,http://www.barralbertsiii.co.uk
user367,pw367,Veronica,Mcclodden,20,male,Las Vegas Art Museum,8 Cookson St,Temple Newsam Ward,West Yorkshire,LS15 9EP,01456-906658,01238-284853,veronica@hotmail.com,http://www.lasvegasartmuseum.co.uk
user368,pw368,Laquanda,Kho,21,female,Bayou Welding Works Inc,7 Lockhart St,Billesley Ward,West Midlands,B14 5HS,01725-370369,01271-465942,laquanda.kho@yahoo.com,http://www.bayouweldingworksinc.co.uk
user369,pw369,Mohammad,Poitra,22,male,"Kenyon, William R Esq",363 Vandries St,Milton Ward,Essex,SS0 7TF,01705-240007,01216-234330,mpoitra@yahoo.com,http://www.kenyonwilliamresq.co.uk
user370,pw370,Mozell,Westad,23,male,Fox Vision Center,8 Gertrude St,Mossley,Greater Manchester,OL5 0QJ,01348-989703,01766-783716,mozell.westad@westad.co.uk,http://www.foxvisioncenter.co.uk
user371,pw371,Bronwyn,Bridgford,24,female,Edgemere Finance Company,826 Rumney Rd West #7,Dingwall and Seaforth Ward,Highland,IV15 9SD,01407-312329,01917-604110,bronwyn.bridgford@yahoo.com,http://www.edgemerefinancecompany.co.uk
user372,pw372,Jeff,Brossoit,25,male,Jeh Construction Co,954 Madelaine St,Central Ward,Wiltshire,SN5 8WG,01593-501965,01383-683074,jeff.brossoit@yahoo.com,http://www.jehconstructionco.co.uk
user373,pw373,Shantay,Hopman,26,female,Smith & Dekay Ps,7602 Brook St #86,Broomhill Ward,Nottinghamshire,NG18 9SZ,01516-850881,01252-239714,shopman@hopman.co.uk,http://www.smithdekayps.co.uk
user374,pw374,Chantay,Jirsa,27,male,Posey Company,966 Bower St,Frimley Green Ward,Surrey,GU16 9BB,01721-910475,01324-899303,chantay_jirsa@jirsa.co.uk,http://www.poseycompany.co.uk
user375,pw375,Keneth,Stpierrie,28,female,Mueller Repro Blue Printg,2 Seacombe St,Littleborough Lakeside Ward,Greater Manchester,OL15 0JP,01919-731224,01325-412836,keneth_stpierrie@hotmail.com,http://www.muellerreproblueprintg.co.uk
user376,pw376,Alton,Rampy,29,male,Reliable Metalcraft Inc,83 Battenburg St,Girvan and South Carrick Ward,South Ayrshire,KA26 0DY,01767-568989,01506-160673,alton_rampy@gmail.com,http://www.reliablemetalcraftinc.co.uk
user377,pw377,Patrick,Teisberg,30,female,"Dworkin, Michael L",2 Whitefield Rd,Leigh-on-Sea,Essex,SS9 2DJ,01842-131065,01217-730044,patrick@hotmail.com,http://www.dworkinmichaell.co.uk
user378,pw378,Theron,Merriam,31,male,"Percival, Mark R Esq",869 Luke St,Wonersh,Surrey,GU5 0QU,01655-809574,01859-311417,theron@merriam.co.uk,http://www.percivalmarkresq.co.uk
user379,pw379,Pilar,Seelig,32,female,Demer Normann Smith Ltd,4 Ogwen St,Chichester,West Sussex,PO19 9PF,01356-866584,01814-760513,pilar@yahoo.com,http://www.demernormannsmithltd.co.uk
user380,pw380,Lashunda,Argiro,33,male,Kluza Associates,205 Forge St #4021,Stainburn,North Yorkshire,LS21 2LS,01422-728149,01653-381714,lashunda@yahoo.com,http://www.kluzaassociates.co.uk
user381,pw381,Verda,Chiphe,17,female,Ardrox,999 Upper Harrington St #61,Earlestown Ward,Merseyside,WA12 9WX,01754-426672,01349-935774,vchiphe@chiphe.co.uk,http://www.ardrox.co.uk
user382,pw382,Ashley,Tropp,18,male,Everythings A Dollar,3 Greenleaf St #5644,Blyth,Northumberland,NE24 2RY,01951-324927,01602-307715,ashley.tropp@gmail.com,http://www.everythingsadollar.co.uk
user383,pw383,Vesta,Havely,19,female,Tool Service Company Inc,493 Wellington Rd,Upper Rawcliffe-with-Tarnacre,Lancashire,PR3 0UH,01772-461124,01571-126025,vhavely@havely.co.uk,http://www.toolservicecompanyinc.co.uk
user384,pw384,Emogene,Ritthaler,20,male,Mcdonald Service Station,1257 Stone St,Northwood Ward,Greater London,HA6 1AN,01681-212638,01638-969550,emogene.ritthaler@yahoo.com,http://www.mcdonaldservicestation.co.uk
user385,pw385,Shayne,Mordhorst,21,female,Don Allen & Associates Pa,1 Bousfield St,Shrewsbury,Shropshire,SY3 8NG,01286-279043,01450-144052,smordhorst@mordhorst.co.uk,http://www.donallenassociatespa.co.uk
user386,pw386,Franchesca,Charry,22,male,"Cappello, A Barry Esq",59 Westminster Rd,Empress Ward,Hampshire,GU14 8AY,01748-827176,01707-624969,franchesca@gmail.com,http://www.cappelloabarryesq.co.uk
user387,pw387,Elmira,Ringlein,23,female,"Hyland, Richard S Esq",143 Clark St #802,Halliwell Ward,Greater Manchester,BL1 2PS,01934-672498,01347-140077,eringlein@gmail.com,http://www.hylandrichardsesq.co.uk
user388,pw388,Destiny,Madlem,24,male,Diesel Recon,421 Monument Place #44,Hartburn Ward,Stockton-on-Tees,TS21 1BA,01421-624966,01819-393510,destiny@yahoo.com,http://www.dieselrecon.co.uk
user389,pw389,Gaston,Szumski,25,female,Red Giant Foods Inc,8 Gullett St,West Garioch Ward,Aberdeenshire,AB51 0HT,01651-911453,01923-233578,gaston.szumski@hotmail.com,http://www.redgiantfoodsinc.co.uk
user390,pw390,Ronna,Mittler,26,male,Bethesda Gazette,2767 Pembroke St #979,Roundway,Wiltshire,SN10 3FQ,01214-651738,01794-156776,ronna_mittler@hotmail.com,http://www.bethesdagazette.co.uk
user391,pw391,Angelica,Poisso,27,female,Chemical Consultants,47 Orry St #8243,Castleford Central and Glassho,West Yorkshire,WF10 4DW,01472-449327,01758-700994,apoisso@gmail.com,http://www.chemicalconsultants.co.uk
user392,pw392,Casie,Arzilli,28,male,Wenatchee Valley Fed Crdt Un,5 Noon St,Melton Dorian Ward,Leicestershire,LE13 0RG,01289-195823,01372-334070,casie@gmail.com,http://www.wenatcheevalleyfedcrdtun.co.uk
user393,pw393,Magdalene,Cocherell,29,female,Southern Interiors Inc,510 Belvidere Rd,Patching Hall Ward,Essex,CM1 4BY,01546-162965,01420-141828,magdalene_cocherell@yahoo.com,http://www.southerninteriorsinc.co.uk
user394,pw394,Erasmo,Gath,30,male,Pan Optx,860 Rokeby St,Sunningdale,Berkshire,SL5 0AZ,01445-796544,01650-307192,egath@hotmail.com,http://www.panoptx.co.uk
user395,pw395,Rosalia,Ziv,31,female,"Arias, Michele Ann Md",9362 Solomon St #97,Castle Ward,Northamptonshire,NN8 4DR,01414-349699,01552-437406,rosalia.ziv@ziv.co.uk,http://www.ariasmicheleannmd.co.uk
user396,pw396,Lyda,Cronholm,32,male,Print Shop,916 Strand St #4753,Leek,Staffordshire,ST13 5AW,01672-538356,01347-674237,lyda.cronholm@cronholm.co.uk,http://www.printshop.co.uk
user397,pw397,Lisandra,Stueber,33,female,Wstu 1450 Am Radio Station,5 Bentinck St,Churchill Ward,Greater London,SW1V 3EW,01831-806301,01876-118051,lisandra_stueber@hotmail.com,http://www.wstuamradiostation.co.uk
user398,pw398,Sabina,Prok,17,male,T J Ward & Associates Inc,954 Birchdale Rd,Aspley Ward,Nottinghamshire,NG8 5PY,01932-112259,01304-274937,sabina.prok@prok.co.uk,http://www.tjwardassociatesinc.co.uk
user399,pw399,Elenore,Gomoran,18,female,Bell Service Systems Inc,7 Great Orford St,Callington,Cornwall,PL17 7DT,01470-383444,01863-322796,elenore_gomoran@yahoo.com,http://www.bellservicesystemsinc.co.uk
user400,pw400,Brynn,Capra,19,male,Magic Valley Irrigation Supply,488 Mulberry St,Ravenshead,Nottinghamshire,NG15 9AE,01963-124789,01702-314016,brynn_capra@yahoo.com,http://www.magicvalleyirrigationsupply.co.uk
user401,pw401,Leeann,Flory,20,female,Fleetwood Area School District,1761 Johnstone St,Church Langley Ward,Essex,CM17 9TZ,01906-807997,01997-771926,leeann@gmail.com,http://www.fleetwoodareaschooldistrict.co.uk
user402,pw402,Janet,Steimer,21,male,Alaska State Troopers,8899 Mere Lane,Midlothian West Ward,City of Edinburgh,EH20 9SJ,01506-627051,01698-817116,janet_steimer@hotmail.com,http://www.alaskastatetroopers.co.uk
user403,pw403,Lewis,Mellom,22,female,Lasting Impressions,6 St Hilda St,Central Ward,South Yorkshire,S1 1EQ,01954-643657,01511-606180,lewis@yahoo.com,http://www.lastingimpressions.co.uk
user404,pw404,Jestine,Driscol,23,male,Glass Express,2725 Underley St #6452,Grangemouth Ward,Falkirk,FK3 8UB,01257-928278,01811-872937,jestine_driscol@driscol.co.uk,http://www.glassexpress.co.uk
user405,pw405,Tatum,Parks,24,female,Quantum Consultants Inc,6061 Back Nile St,Rhos-on-Sea Community,Conwy,LL28 4NL,01567-457572,01818-141397,tparks@parks.co.uk,http://www.quantumconsultantsinc.co.uk
user406,pw406,Kayleigh,Bendle,25,male,J A Associates,9735 Linton St #2284,Kingswells,Aberdeenshire,AB16 7RW,01312-772111,01355-733333,kayleigh.bendle@bendle.co.uk,http://www.jaassociates.co.uk
user407,pw407,Lili,Imondi,26,female,Ide Haigney & Radio,9 Herbert St,Blyth,Northumberland,NE24 3DQ,01600-986258,01934-479439,lili_imondi@hotmail.com,http://www.idehaigneyradio.co.uk
user408,pw408,Sunshine,Senechal,27,male,"Dale, George F Esq",40 Cairo St,Warwick,Warwickshire,CV34 5LQ,01416-686933,01839-700945,sunshine.senechal@hotmail.com,http://www.dalegeorgefesq.co.uk
user409,pw409,Remona,Heier,28,female,M A C Insurance Agency,7199 St Clare Rd,Inverclyde South Ward,Inverclyde,PA16 7BT,01718-274321,01967-508345,remona.heier@heier.co.uk,http://www.macinsuranceagency.co.uk
user410,pw410,Gail,Carris,29,male,Audrey M Borland Studios,6 Conyers St #3346,Hamilton South Ward,South Lanarkshire,ML3 7TE,01292-196869,01547-190531,gcarris@hotmail.com,http://www.audreymborlandstudios.co.uk
user411,pw411,Dong,Oropeza,30,female,"Mayo, Timothy L Esq",8657 Cedar St #2,Kinross-shire Ward,Perth and Kinross,KY13 8EQ,01573-788734,01955-221720,doropeza@hotmail.com,http://www.mayotimothylesq.co.uk
user412,pw412,Larue,Ocacio,31,male,"Hollett, Byron P Esq",8 Jacob St,Daybrook Ward,Nottinghamshire,NG5 6JB,01577-443040,01654-933782,larue@yahoo.com,http://www.hollettbyronpesq.co.uk
user413,pw413,Goldie,Sonkens,32,female,Veri Nu Products Corp,6174 Botanic Pl,Ravensthorpe Ward,Cambridgeshire,PE3 7BJ,01867-720033,01523-949034,gsonkens@sonkens.co.uk,http://www.verinuproductscorp.co.uk
user414,pw414,Shelia,Plues,33,male,"Schen, Sanford E Md",9730 Dunnet St,Silloth-on-Solway,Cumbria,CA7 4RB,01818-260618,01574-927461,shelia@gmail.com,http://www.schensanfordemd.co.uk
user415,pw415,Narcisa,Araiza,17,female,Danka Business Systems,8783 High St,Milton,Cambridgeshire,CB24 6ZR,01724-644767,01689-339758,naraiza@hotmail.com,http://www.dankabusinesssystems.co.uk
user416,pw416,Evelynn,Frede,18,male,"Hasselberg, Michael R Esq",8 Breckfield Road North,Seaham,County Durham,SR7 0AZ,01289-621482,01571-460710,evelynn.frede@gmail.com,http://www.hasselbergmichaelresq.co.uk
user417,pw417,Arlean,Calaf,19,female,Ed Miniat Inc,82 Waterhouse Lane,Llantrisant Community,Rhondda Cynon Taff,CF72 8LB,01448-395723,01407-700390,acalaf@yahoo.com,http://www.edminiatinc.co.uk
user418,pw418,Tamra,Yu,20,male,Davis Commercial Contracting,2 Park Rd Walton #4338,Lansdown Ward,Gloucestershire,GL50 2LF,01891-816938,01635-523740,tamra.yu@hotmail.com,http://www.daviscommercialcontracting.co.uk
user419,pw419,Dusti,Maricle,21,female,"Garton, Jeffrey P Esq",59 Charles St,Victoria Ward,Kent,TN23 4GF,01642-202972,01806-219415,dusti@gmail.com,http://www.gartonjeffreypesq.co.uk
user420,pw420,Aracelis,Donham,22,male,Sm Toth Baldridge & Van Belkum,593 Kinglake St,Fowlmere,Cambridgeshire,SG8 7TP,01924-111018,01420-311467,aracelis.donham@hotmail.com,http://www.smtothbaldridgevanbelkum.co.uk
user421,pw421,Filiberto,Fredrikson,23,female,Westoaks Glass,404 Aigburth St #4246,Audley Ward,Lancashire,BB1 2AA,01559-323337,01727-322116,filiberto_fredrikson@gmail.com,http://www.westoaksglass.co.uk
user422,pw422,Leana,Stackpole,24,male,Direct Tools & Fasteners,690 Copenhagen Rd,Warham,Norfolk,NR23 1NJ,01248-325090,01386-257445,lstackpole@yahoo.com,http://www.directtoolsfasteners.co.uk
user423,pw423,Man,Homer,25,female,Applied Robotic Tech Inc,7 Canton St,Mildmay Ward,Greater London,N1 4RF,01590-219449,01855-550515,man.homer@gmail.com,http://www.appliedrobotictechinc.co.uk
user424,pw424,Lennie,Asley,26,male,Air Tech Streamlining,79 Pine St,Radcliffe West Ward,Greater Manchester,M26 1GH,01585-487560,01802-349902,lennie_asley@gmail.com,http://www.airtechstreamlining.co.uk
user425,pw425,Arletta,Naomi,27,female,E Zaks & Co,9 Lodwick St,City and Hunslet Ward,West Yorkshire,LS1 8HZ,01255-805722,01518-773815,arletta_naomi@naomi.co.uk,http://www.ezaksco.co.uk
user426,pw426,Chana,Perera,28,male,Olden Camera & Lens Co Inc,9 Ogwen St,Murdostoun Ward,North Lanarkshire,ML2 8LW,01477-796750,01858-335054,chana.perera@hotmail.com,http://www.oldencameralenscoinc.co.uk
user427,pw427,Nell,Pao,29,female,"Madaus, Gerald F Jr",1730 Seymour St,Eastbrook Ward,Brighton and Hove,BN41 1QH,01308-582144,01773-576318,npao@gmail.com,http://www.madausgeraldfjr.co.uk
user428,pw428,Antonio,Heilig,30,male,Radisson Suite Hotel,35 Elton St #3,Ipplepen,Devon,TQ12 5LL,01324-171614,01442-946357,antonio.heilig@gmail.com,http://www.radissonsuitehotel.co.uk
user429,pw429,Gerald,Kernagis,31,female,Digital Solutions Inc,8 Hinton St #8241,Stowting,Kent,TN25 6BQ,01504-620944,01685-678054,gerald_kernagis@kernagis.co.uk,http://www.digitalsolutionsinc.co.uk
user430,pw430,Sueann,Mandril,32,male,El Hispanic News,751 Stamford St,Werrington,Staffordshire,ST9 0AH,01886-226100,01717-449960,smandril@hotmail.com,http://www.elhispanicnews.co.uk
user431,pw431,Alayna,Hoyal,33,female,South Bldg Code Congres,70 Royal St,Banchory and Mid Deeside Ward,Aberdeenshire,AB31 4AH,01964-720542,01983-132813,alayna_hoyal@hotmail.com,http://www.southbldgcodecongres.co.uk
user432,pw432,Talia,Marthe,17,male,Kenney Mfg Co,5 Minerva St,Westbury,Wiltshire,BA13 3QR,01711-170147,01607-480159,talia.marthe@gmail.com,http://www.kenneymfgco.co.uk
user433,pw433,Pansy,Kopan,18,female,Oncor Inc,1 Northampton St,Madeley,Shropshire,TF7 4GA,01674-842315,01627-571972,pansy@kopan.co.uk,http://www.oncorinc.co.uk
user434,pw434,Royce,Saik,19,male,Best Western Caprock Inn,2 Maple Grove,Kincorth,Aberdeenshire,AB12 5EJ,01972-770618,01431-812225,royce@hotmail.com,http://www.bestwesterncaprockinn.co.uk
user435,pw435,Cherelle,Sorrel,20,female,"Wiltgen, Nancy A Esq",794 Hook St,Benwell and Scotswood Ward,Tyne and Wear,NE15 7JA,01753-327307,01212-458253,cherelle_sorrel@gmail.com,http://www.wiltgennancyaesq.co.uk
user436,pw436,Dudley,Dibartolo,21,male,"Mcknight, H Vincent Jr",91 Ludlow St,Woodhouse Ward,Greater London,N12 0EF,01997-409950,01722-935404,dudley_dibartolo@yahoo.com,http://www.mcknighthvincentjr.co.uk
user437,pw437,Nettie,Aldaco,22,female,Miller Searl & Fitch,51 Freehold St #224,Wheatley Ward,"Yorkshire, South",DN2 4PP,01388-974910,01681-983353,nettie.aldaco@yahoo.com,http://www.millersearlfitch.co.uk
user438,pw438,Carline,Bulcao,23,male,"Brenner, Steven G Esq",7 Hey Green Rd #4,Rothwell Ward,West Yorkshire,LS26 8XE,01885-707109,01381-330004,carline@yahoo.com,http://www.brennerstevengesq.co.uk
user439,pw439,Shanda,Lunger,24,female,Western Packing Co,2476 Marsh St,Markhouse Ward,Greater London,E17 8NP,01329-303595,01620-180931,slunger@gmail.com,http://www.westernpackingco.co.uk
user440,pw440,Emilio,Withers,25,male,Ardent Studios Inc,597 Threlfall St #72,Stokenham,Devon,TQ7 2HS,01523-697097,01890-447894,emilio_withers@yahoo.com,http://www.ardentstudiosinc.co.uk
user441,pw441,Lovetta,Study,26,female,Borton Petrini & Conron,1 Jervis St,High Barnet Ward,Greater London,EN5 4LH,01593-438141,01424-249976,lovetta@study.co.uk,http://www.bortonpetriniconron.co.uk
user442,pw442,Felice,Gone,27,male,A F Supl Co Div Automtc Firing,7602 Grantham St,Hexham,Northumberland,NE46 1QQ,01691-816025,01888-857515,felice.gone@hotmail.com,http://www.afsuplcodivautomtcfiring.co.uk
user443,pw443,Stefania,Leadbeater,28,female,Murray Whisnant Architects,10 Carisbrooke St,Shorne,Kent,DA12 3ED,01706-546951,01356-906646,stefania_leadbeater@hotmail.com,http://www.murraywhisnantarchitects.co.uk
user444,pw444,Margarita,Orloski,29,male,1893 Shops,78 Pine Grove,Stannington Ward,South Yorkshire,S6 5HE,01215-422453,01958-497953,margarita_orloski@yahoo.com,http://www.shops.co.uk
user445,pw445,Paul,Farrin,30,female,"Dering, James E Esq",7 Varthen St,Town Ward,Kent,DA1 2DL,01407-775572,01879-963638,paul.farrin@farrin.co.uk,http://www.deringjameseesq.co.uk
user446,pw446,Anglea,Tritten,31,male,Waltons Carson Gardens,8 Thomaston St,Astley Bridge Ward,Greater Manchester,BL1 8RG,01818-292728,01436-350784,anglea_tritten@hotmail.com,http://www.waltonscarsongardens.co.uk
user447,pw447,Ona,Bowhall,32,female,Cohen And Fromm Pc,527 Harding St,Market Rasen,Lincolnshire,LN8 3AD,01467-554624,01984-207421,ona@yahoo.com,http://www.cohenandfrommpc.co.uk
user448,pw448,Germaine,Hascall,33,male,Prg Company,1616 Menzies St #453,Tadworth and Walton Ward,Surrey,KT20 7PA,01366-388506,01957-962781,ghascall@hotmail.com,http://www.prgcompany.co.uk
user449,pw449,Vicky,Schellenberge,17,female,Medlab Environmental Test Inc,3922 Leda St,Moreton Morrell,Warwickshire,CV35 9BX,01625-805645,01602-772009,vschellenberge@hotmail.com,http://www.medlabenvironmentaltestinc.co.uk
user450,pw450,Carolann,Gross,18,male,Leem Company Inc,6352 Grosvenor St,Wombourne,Staffordshire,WV5 0LP,01470-609953,01672-859754,carolann@gross.co.uk,http://www.leemcompanyinc.co.uk
user451,pw451,Rusty,Adelsperger,19,female,"Clarke, James H Esq",4313 Princes Park Terrace,Launceston,Cornwall,PL15 9QN,01467-172590,01338-121225,rusty.adelsperger@yahoo.com,http://www.clarkejameshesq.co.uk
user452,pw452,Cassandra,Bludworth,20,male,Lykes Bros Inc,9 Sydney Place,Henllan Community,Conwy,LL16 5AF,01903-614855,01583-648675,cbludworth@yahoo.com,http://www.lykesbrosinc.co.uk
user453,pw453,Teresita,Gesell,21,female,Mason Insurance Agency Inc,2015 Suburban Rd,Springfield Ward,Greater London,N16 6TD,01914-501391,01372-236506,teresita_gesell@hotmail.com,http://www.masoninsuranceagencyinc.co.uk
user454,pw454,Evangelina,Gius,22,male,J T Painting Corp,769 Euston St,Glastonbury,Somerset,BA6 8EY,01563-997671,01377-310696,evangelina.gius@yahoo.com,http://www.jtpaintingcorp.co.uk
user455,pw455,Marlon,Tromblay,23,female,Solomon Metals Inc,46 Stevenson St,West End Ward,Dundee City,DD1 5EF,01919-394681,01869-607955,mtromblay@yahoo.com,http://www.solomonmetalsinc.co.uk
user456,pw456,Quiana,Scarsella,24,male,Looking Good,1400 Ash St,Thorpe Hamlet Ward,Norfolk,NR1 4HS,01446-936944,01492-687388,quiana_scarsella@hotmail.com,http://www.lookinggood.co.uk
user457,pw457,Viki,Humeniuk,25,female,Guldstrand Engineering Inc,8822 Trafalgar St,Yalding,Kent,ME18 6JE,01721-747819,01381-985978,vhumeniuk@gmail.com,http://www.guldstrandengineeringinc.co.uk
user458,pw458,Domitila,Weissmann,26,male,"Ciocia, James A Esq",28 Berwick St,Moordown Ward,Bournemouth,BH9 1TT,01606-833878,01928-189722,domitila@gmail.com,http://www.ciociajamesaesq.co.uk
user459,pw459,Ivan,Aronov,47,female,Center For Pediatrics,94 Regent St,Over Kellet,Lancashire,LA6 1DB,01478-392232,01410-877250,ivan@gmail.com,http://www.centerforpediatrics.co.uk
user460,pw460,Anabel,Baldock,48,male,William A Geppert True Value,30 Marine Parade #1,Staina Ward,Lancashire,FY5 4FN,01994-675650,01845-742562,anabel_baldock@hotmail.com,http://www.williamagepperttruevalue.co.uk
user461,pw461,Carlton,Blyler,49,female,Hardware Specialty Co Inc,8 Pim Hill St,Portobello,City of Edinburgh,EH15 2HW,01437-681317,01604-200932,carlton@blyler.co.uk,http://www.hardwarespecialtycoinc.co.uk
user462,pw462,Rashida,Vera,50,male,Creative Consultants,8451 Bengel St,Brixham,Devon,TQ5 9JW,01286-317691,01913-489634,rashida@hotmail.com,http://www.creativeconsultants.co.uk
user463,pw463,Sherron,Knodel,51,female,Fhk Corp,159 Carlton St,Windle Ward,Merseyside,WA10 6QG,01481-744296,01222-556548,sherron@knodel.co.uk,http://www.fhkcorp.co.uk
user464,pw464,Cora,Mossing,52,male,Regis Brd Pro Engrs & Land,38 Raffles St,Newmarket,Cambridgeshire,CB8 8QE,01285-381062,01699-194090,cora@yahoo.com,http://www.regisbrdproengrsland.co.uk
user465,pw465,Altha,Tischner,53,female,Male Power Ltd,650 Goring St,Rainham South Ward,Kent,ME8 9PN,01373-594236,01698-785700,altha@hotmail.com,http://www.malepowerltd.co.uk
user466,pw466,Dortha,Yaccarino,54,male,Atc Power Systems,6 Chestnut St,Gwersyllt Community,Wrexham,LL11 4RJ,01528-240870,01254-458143,dortha@hotmail.com,http://www.atcpowersystems.co.uk
user467,pw467,Diego,Augle,17,female,Farmers Electric Co Op Inc,4 Peover St,Walcot Ward,Bath Avon,BA1 6EF,01275-397587,01933-666689,diego.augle@gmail.com,http://www.farmerselectriccoopinc.co.uk
user468,pw468,Peggy,Khov,18,male,"Goldberg, Stephen M Esq",328 Pallas St,Longford Ward,Greater Manchester,M32 8LJ,01619-237602,01648-417310,peggy.khov@gmail.com,http://www.goldbergstephenmesq.co.uk
user469,pw469,Walton,Yuki,19,male,Best Wstrn Host Mtr Htl Palm,9 Waltham Rd,Yealmpton,Devon,PL8 2NS,01872-808403,01885-290666,wyuki@gmail.com,http://www.bestwstrnhostmtrhtlpalm.co.uk
user470,pw470,Vallie,Yafaie,20,female,Micro Lan,352 Strathmore Rd,Shiphay-with-the-Willows Ward,Devon,TQ2 7JB,01251-120872,01630-603260,vyafaie@hotmail.com,http://www.microlan.co.uk
user471,pw471,Tony,Diazdeleon,21,male,Dilling Harris Inc,529 Llanrwst St,Southam,Gloucestershire,GL52 8TW,01765-102036,01877-593275,tony@gmail.com,http://www.dillingharrisinc.co.uk
user472,pw472,Val,Villot,22,female,Horizon Air Magazine,1980 Tynemouth St,Almond Ward,West Lothian,EH52 5PY,01375-870188,01602-987840,val@yahoo.com,http://www.horizonairmagazine.co.uk
user473,pw473,Mel,Picciuto,23,male,Avante Limited,8598 Rumney Rd,Hylands Ward,Essex,RM11 1QL,01885-270480,01268-443299,mel.picciuto@gmail.com,http://www.avantelimited.co.uk
user474,pw474,Isabella,Piatkowski,24,female,"Miller, William E Iii",9283 Ruth St #81,Dormers Wells Ward,Greater London,UB1 2FH,01979-186995,01998-980054,isabella_piatkowski@piatkowski.co.uk,http://www.millerwilliameiii.co.uk
user475,pw475,Erasmo,Rhea,25,male,Martin Morrissey,5544 Sutherland St,Mortehoe,Devon,EX34 7DQ,01507-386397,01899-316385,erasmo_rhea@hotmail.com,http://www.martinmorrissey.co.uk
user476,pw476,Ivory,Lohrenz,26,female,Auto Body Color,9 Jackson St,Parr Ward,Merseyside,WA9 3QW,01876-642683,01651-132519,ivory@hotmail.com,http://www.autobodycolor.co.uk
user477,pw477,Nikita,Walka,27,male,"Fred, Anthony Esq",3612 Bixteth St,Hucknall North Ward,Nottinghamshire,NG15 8DD,01282-123434,01724-455145,nwalka@hotmail.com,http://www.fredanthonyesq.co.uk
user478,pw478,Aleta,Ligons,28,female,Advantage Bookkeeping,4545 Victoria Rd,Kilbirnie and Beith Ward,North Ayrshire,KA15 1AT,01952-535977,01715-637895,aleta_ligons@hotmail.com,http://www.advantagebookkeeping.co.uk
user479,pw479,Owen,Jentzen,29,male,Capital Fasteners Inc,5 Hampden St,Liscard Ward,Merseyside,CH45 4RN,01467-142439,01917-137038,owen_jentzen@jentzen.co.uk,http://www.capitalfastenersinc.co.uk
user480,pw480,Pauline,Fling,30,female,Cumberland Vacuum Products,6452 Pilgrim St #5,Seven Sisters Ward,Greater London,N15 6TH,01990-476494,01458-113457,pfling@fling.co.uk,http://www.cumberlandvacuumproducts.co.uk
user481,pw481,Tijuana,Machalek,31,male,"Schwartz, Thomas E Esq",1149 Highfield Rd #996,Fareham South Ward,Hampshire,PO14 9JJ,01242-532395,01336-686264,tijuana.machalek@gmail.com,http://www.schwartzthomaseesq.co.uk
user482,pw482,Ahmad,Alsaqri,32,female,Alliance Construction Co Inc,21 Pickwick St,Sutton cum Duckmanton,Derbyshire,S44 5DS,01567-555570,01852-550588,ahmad.alsaqri@yahoo.com,http://www.allianceconstructioncoinc.co.uk
user483,pw483,Jamika,Conoly,33,male,"Keller, Raymond C",19 Soho St,Whitley Ward,Berkshire,RG1 9XH,01726-595316,01597-168997,jamika_conoly@conoly.co.uk,http://www.kellerraymondc.co.uk
user484,pw484,Derrick,Dolloff,17,female,Proto Tek Manufacturing,236 Blantyre Rd,Everton Ward,Merseyside,L6 2EN,01982-734773,01619-554437,derrick_dolloff@gmail.com,http://www.prototekmanufacturing.co.uk
user485,pw485,Jacquelyne,Reibman,18,male,Great Clips For Hair,70 Lilly Rd,Shirley Ward,Greater London,CR0 7PT,01846-581451,01850-754504,jacquelyne_reibman@yahoo.com,http://www.greatclipsforhair.co.uk
user486,pw486,Zachary,Freeburger,19,female,Country Kitchen,58 Gloucester Rd,Holbrook,Derbyshire,DE56 0TX,01888-641397,01240-433924,zachary.freeburger@freeburger.co.uk,http://www.countrykitchen.co.uk
user487,pw487,Sophia,Gaucher,20,male,T C E Systems Inc,88 Upper Harrington St,North East Ward,North Lanarkshire,G69 8EL,01504-539114,01254-919378,sophia.gaucher@hotmail.com,http://www.tcesystemsinc.co.uk
user488,pw488,Isabelle,Kono,21,female,Rock Springs Petroleum Equip,4920 Fazakerley Rd,Plymstock Dunstone Ward,Devon,PL9 8RD,01552-682601,01953-816728,isabelle.kono@yahoo.com,http://www.rockspringspetroleumequip.co.uk
user489,pw489,Ronnie,Brigman,22,male,Howard Johnson,6 Morley St,Batchwood Ward,Hertfordshire,AL3 5JN,01943-754681,01972-686199,ronnie@brigman.co.uk,http://www.howardjohnson.co.uk
user490,pw490,Krystina,Schlabaugh,23,female,Harris Oldsmobile Inc,7316 Friar St,Salvington Ward,West Sussex,BN13 3FL,01441-846477,01332-799979,kschlabaugh@schlabaugh.co.uk,http://www.harrisoldsmobileinc.co.uk
user491,pw491,Rosita,Ausdemore,24,male,"Jurdem, Scott Esq",8 Heathfield St #657,Hailsham,East Sussex,BN27 1AJ,01273-236188,01997-765432,rausdemore@hotmail.com,http://www.jurdemscottesq.co.uk
user492,pw492,Huey,Stancil,25,female,Lindner Funds,275 Peel Sq,Park Ward,North Eart Lincolnshire,DN32 0PT,01502-139578,01468-195646,hstancil@hotmail.com,http://www.lindnerfunds.co.uk
user493,pw493,Elbert,Fiorino,26,male,"Donald, G Nelson Esq",726 Westmoreland Place,Ballochmyle Ward,East Ayrshire,KA5 6EL,01724-467889,01992-537553,elbert@hotmail.com,http://www.donaldgnelsonesq.co.uk
user494,pw494,Pura,Manciel,27,female,Cia Inspection,7 Water St,Priory Heath Ward,Suffolk,IP3 9RB,01853-412588,01386-437186,pura.manciel@yahoo.com,http://www.ciainspection.co.uk
user495,pw495,Alesia,Katie,28,male,Nelsons Trmt & Pest Cntrl Co,4 Covent Garden,Farnworth Ward,Greater Manchester,BL4 7AF,01333-436799,01240-614527,alesia_katie@gmail.com,http://www.nelsonstrmtpestcntrlco.co.uk
user496,pw496,Avery,Veit,29,female,Plaza Gourmet Delicatessen,9166 Devon St #905,Knightsbridge and Belgravia Wa,Greater London,SW1W 8JY,01748-625058,01369-185737,avery@veit.co.uk,http://www.plazagourmetdelicatessen.co.uk
user497,pw497,Reid,Euresti,30,male,"Fitzgerald, Edward J",70 Foster St,Inverness Ness-Side Ward,Highland,IV2 6WT,01916-963261,01370-319414,reuresti@euresti.co.uk,http://www.fitzgeraldedwardj.co.uk
user498,pw498,Charlette,Brenning,31,female,Furey & Associates,714 Fonthill Rd,Darton West Ward,South Yorkshire,S75 5EJ,01888-152110,01301-312487,cbrenning@brenning.co.uk,http://www.fureyassociates.co.uk
user499,pw499,Celestina,Keeny,32,male,Bfg Federal Credit Union,9 Milton St,Consett North ED,County Durham,DH8 5LP,01877-379681,01600-463475,celestina_keeny@gmail.com,http://www.bfgfederalcreditunion.co.uk
user500,pw500,Mi,Richan,33,female,Nelson Wright Haworth Golf Crs,6 Norwood Grove,Tanworth-in-Arden,Warwickshire,B94 5RZ,01451-785624,01202-738406,mi@hotmail.com,http://www.nelsonwrighthaworthgolfcrs.co.uk
